Brand,Screen-Size,Resolution,Display-Type,Operating-System,Rating,Number of Ratings,Reviews,Price,Original Price,Discount
TCL,32 inch,HD Ready,LED,Android,4.1,"24,978","2,097","₹8,990","₹20,990",57% off
Coocaa,43 inch,Full HD,LED,Coolita,4.2,"23,348","2,744","₹11,499","₹29,999",61% off
iFFALCON,32 inch,HD Ready,LED,Android,4.2,"68,411","7,625","₹8,999","₹19,990",54% off
Infinix,32 inch,HD Ready,LED,Linux,4.2,"49,455","5,180","₹8,499","₹16,999",50% off
iFFALCON,43 inch,Ultra HD (4K),LED,Google TV,4.2,"68,411","7,625","₹19,999","₹50,990",60% off
Acer,40 inch,Full HD,LED,Google TV,4.2,"27,029","2,917","₹16,499","₹37,999",56% off
iFFALCON,55 inch,Ultra HD (4K),LED,Google TV,4.2,"68,411","7,625","₹26,999","₹73,990",63% off
Acer,32 inch,HD Ready,LED,Google TV,4.2,"27,029","2,917","₹10,499","₹22,999",54% off
MOTOROLA,43 inch,Ultra HD (4K),QLED,Google TV,4.2,"4,296",374,"₹21,299","₹51,999",59% off
Mi,32 inch,HD Ready,LED,Google TV,4.3,"1,71,724","13,288","₹13,990","₹24,999",44% off
Acer,32 inch,HD Ready,QLED,Google TV,4,"4,415",429,"₹12,999","₹24,999",48% off
REDMI,32 inch,HD Ready,LED,FireTv OS 7,4.2,"9,933",627,"₹12,999","₹24,999",48% off
Thomson,32 inch,HD Ready,LED,Linux,4.4,"42,232","5,726","₹8,499","₹14,999",43% off
Mi,55 inch,Ultra HD (4K),LED,Google TV,4.3,"1,23,713","11,311","₹31,999","₹54,999",41% off
TCL,32 inch,Full HD,LED,Google TV,4.1,"24,978","2,097","₹12,990","₹23,990",45% off
LG,32 inch,HD Ready,LED,WebOS,4.3,"22,809","1,504","₹14,990","₹19,990",25% off
Thomson,24 inch,HD Ready,LED,Linux,4.4,"42,232","5,726","₹6,499","₹9,999",35% off
SAMSUNG,32 inch,HD Ready,LED,Tizen,4.3,"1,50,675","11,117","₹15,240","₹18,900",19% off
TCL,55 inch,Ultra HD (4K),LED,Google TV,4.1,"24,978","2,097","₹31,990","₹77,990",58% off
SAMSUNG,32 inch,HD Ready,LED,,4.1,60,2,"₹10,990","₹15,900",30% off
MOTOROLA,65 inch,Ultra HD (4K),QLED,Google TV,4.3,"10,401","1,049","₹41,999","₹1,40,580",70% off
Acer,43 inch,Ultra HD (4K),QLED,Google TV,4.1,"1,705",194,"₹25,999","₹50,999",49% off
TCL,32 inch,Full HD,LED,Android,4.1,"24,978","2,097","₹10,490","₹21,990",52% off
Coocaa,32 inch,HD Ready,LED,Coolita,4.2,"23,348","2,744","₹7,499","₹19,990",62% off
Foxsky,32 inch,HD Ready,LED,,4,"2,644",317,"₹6,799","₹19,990",65% off
Foxsky,32 inch,HD Ready,LED,Android,4,"4,169",793,"₹7,699","₹22,499",65% off
SAMSUNG,43 inch,Full HD,LED,Tizen,4.3,"1,50,675","11,117","₹24,990","₹37,900",34% off
MOTOROLA,55 inch,Ultra HD (4K),QLED,Google TV,4.3,"10,401","1,049","₹30,999","₹1,19,980",74% off
LG,32 inch,HD Ready,LED,WebOS,4.3,"22,809","1,504","₹13,990","₹24,990",44% off
TCL,55 inch,Ultra HD (4K),QLED,Google TV,4.1,"5,685",636,"₹36,990","₹1,20,990",69% off
SAMSUNG,43 inch,Ultra HD (4K),LED,Tizen,4.3,"38,242","3,024","₹31,990","₹46,900",31% off
Acer,50 inch,Ultra HD (4K),LED,Google TV,4.2,"27,029","2,917","₹26,999","₹62,999",57% off
Mi,43 inch,Full HD,LED,Google TV,4.3,"1,71,724","13,288","₹23,990","₹35,999",33% off
Acer,43 inch,Ultra HD (4K),LED,Google TV,4.2,"27,029","2,917","₹20,999","₹46,999",55% off
KODAK,32 inch,HD Ready,LED,Linux,4.2,"6,374",678,"₹8,499","₹14,999",43% off
Acer,32 inch,HD Ready,LED,Google TV,4.1,277,15,"₹10,999","₹21,999",50% off
TCL,43 inch,Ultra HD (4K),LED,Google TV,4.1,"24,978","2,097","₹20,990","₹52,990",60% off
TCL,43 inch,Ultra HD (4K),QLED,Google TV,4.1,"5,685",636,"₹26,990","₹60,990",55% off
Infinix,32 inch,HD Ready,LED,Google TV,4.1,810,89,"₹9,999","₹16,999",41% off
MOTOROLA,32 inch,HD Ready,QLED,Google TV,4.2,"4,296",374,"₹11,999","₹20,999",42% off
REDMI,43 inch,Ultra HD (4K),LED,FireTv OS 7,4.2,"9,933",627,"₹21,999","₹42,999",48% off
realme,55 inch,Ultra HD (4K),QLED,Google TV,4.3,"2,404",269,"₹31,999","₹66,999",52% off
Foxsky,24 inch,HD Ready,LED,,4,"2,644",317,"₹5,299","₹12,999",59% off
Vu,43 inch,Ultra HD (4K),LED,Google TV,4.4,"16,847","2,883","₹23,999","₹40,000",40% off
realme,43 inch,Ultra HD (4K),LED,Google TV,4.3,"1,654",148,"₹20,999","₹41,999",50% off
Thomson,43 inch,Ultra HD (4K),QLED,Google TV,4.4,"23,903","4,283","₹21,499","₹31,999",32% off
Mi,43 inch,Ultra HD (4K),LED,Google TV,4.3,"1,23,713","11,311","₹27,999","₹42,999",34% off
Thomson,32 inch,HD Ready,LED,Android,4.3,"1,21,233","21,447","₹10,499","₹17,999",41% off
Vu,43 inch,Ultra HD (4K),LED,Google TV,4.4,"16,847","2,883","₹23,999","₹40,000",40% off
realme,55 inch,Ultra HD (4K),QLED,Google TV,4.3,"2,404",269,"₹31,999","₹66,999",52% off
Acer,32 inch,HD Ready,LED,Google TV,4.1,277,15,"₹10,999","₹21,999",50% off
MOTOROLA,32 inch,HD Ready,LED,Google TV,4.2,"8,135",790,"₹10,999","₹20,000",45% off
SONY,55 inch,Ultra HD (4K),LED,Google TV,4.6,"7,668",934,"₹57,990","₹99,900",41% off
Foxsky,40 inch,Full HD,LED,Android,4,"4,169",793,"₹11,999","₹38,499",68% off
Thomson,32 inch,HD Ready,LED,Android,4.3,"1,21,233","21,447","₹10,499","₹17,999",41% off
TCL,55 inch,Ultra HD (4K),QLED,Google TV,4.1,"3,014",271,"₹32,990","₹79,990",58% off
Thomson,32 inch,HD Ready,QLED,Android,4.4,"23,903","4,283","₹11,999","₹19,999",40% off
KODAK,55 inch,Ultra HD (4K),QLED,Google TV,4.5,"4,415",901,"₹31,499","₹59,999",47% off
Vu,55 inch,Ultra HD (4K),LED,Google TV,4.4,"16,847","2,883","₹33,999","₹65,000",47% off
Mi,50 inch,Ultra HD (4K),LED,Google TV,4.3,"1,23,713","11,311","₹29,999","₹44,999",33% off
KODAK,24 inch,HD Ready,LED,Linux,4.2,"6,374",678,"₹6,499","₹9,999",35% off
SENS,43 inch,Full HD,LED,Google TV,4.2,"4,207",598,"₹16,999","₹39,990",57% off
TOSHIBA,32 inch,HD Ready,LED,Android,4.2,"6,743",920,"₹12,999","₹24,990",47% off
Foxsky,43 inch,Full HD,LED,Android,4,"4,169",793,"₹13,499","₹41,499",67% off
Acer,55 inch,Ultra HD (4K),LED,Google TV,4.2,"27,029","2,917","₹32,999","₹72,999",54% off
Dyanora,24 inch,HD Ready,LED,,4,"7,168",720,"₹5,499","₹10,999",50% off
SAMSUNG,43 inch,Ultra HD (4K),LED,Tizen,4.3,"15,222","1,096","₹30,990","₹44,900",30% off
Infinix,32 inch,HD Ready,QLED,WebOS,4.1,"2,484",305,"₹10,999","₹18,999",42% off
Sansui,32 inch,HD Ready,LED,Google TV,4.2,"2,482",228,"₹11,990","₹21,490",44% off
InnoQ,43 inch,Full HD,LED,Android,3.9,"4,206",483,"₹13,990","₹39,990",65% off
LG,43 inch,Ultra HD (4K),LED,WebOS,4.4,"3,578",279,"₹31,990","₹47,990",33% off
SAMSUNG,55 inch,Ultra HD (4K),LED,Tizen,4.3,"38,242","3,024","₹46,990","₹66,900",29% off
LG,43 inch,Ultra HD (4K),LED,WebOS,4.4,"34,621","3,285","₹30,990","₹49,990",38% off
KODAK,43 inch,Ultra HD (4K),QLED,Google TV,4.5,"4,415",901,"₹21,999","₹31,999",31% off
SONY,32 inch,HD Ready,LED,Google TV,4.6,425,56,"₹23,990","₹34,900",31% off
Thomson,32 inch,HD Ready,LED,Android,4.3,"1,21,233","21,447","₹9,799","₹14,499",32% off
MarQ,32 inch,HD Ready,LED,,4.1,"6,146",504,"₹7,499","₹17,000",55% off
Thomson,50 inch,Ultra HD (4K),LED,Google TV,4.5,"40,044","9,550","₹24,999","₹41,999",40% off
Infinix,32 inch,HD Ready,LED,Linux,3.7,"1,094",94,"₹8,499","₹16,999",50% off
Thomson,43 inch,Full HD,LED,Linux,4.4,"42,232","5,726","₹15,499","₹22,999",32% off
realme,43 inch,Ultra HD (4K),QLED,Google TV,4.3,"2,404",269,"₹22,999","₹45,999",50% off
realme,55 inch,Ultra HD (4K),LED,Google TV,4.3,"1,654",148,"₹29,299","₹62,999",53% off
Acer,55 inch,Ultra HD (4K),QLED,Google TV,4.1,"1,705",194,"₹39,999","₹77,999",48% off
TOSHIBA,43 inch,Ultra HD (4K),LED,Google TV,4.3,"5,341",878,"₹24,999","₹44,999",44% off
HUIDI,32 inch,HD Ready,LED,Android,3.8,"2,095",181,"₹7,499","₹18,999",60% off
Acer,50 inch,Ultra HD (4K),QLED,Google TV,4.1,"1,705",194,"₹35,999","₹66,999",46% off
Blaupunkt,24 inch,HD Ready,LED,Linux,4.2,"1,660",190,"₹6,499","₹10,999",40% off
Acer,43 inch,Full HD,LED,Google TV,4.2,"27,029","2,917","₹19,999","₹43,999",54% off
LG,50 inch,Ultra HD (4K),LED,WebOS,4.4,"34,621","3,285","₹37,990","₹69,990",45% off
Mi,55 inch,Ultra HD (4K),LED,Google TV,4.3,"1,23,713","11,311","₹37,990","₹54,999",30% off
Blaupunkt,55 inch,Ultra HD (4K),QLED,Google TV,4.5,"8,589","2,115","₹31,999","₹59,999",46% off
SENS,40 inch,Full HD,LED,Google TV,4.2,"4,207",598,"₹14,899","₹34,990",57% off
Haier,32 inch,HD Ready,LED,Google TV,4.3,"1,825",174,"₹13,490","₹19,990",32% off
Thomson,40 inch,Full HD,LED,Android,4.3,"1,21,233","21,447","₹15,499","₹26,999",42% off
KODAK,43 inch,Full HD,LED,Linux,4.2,"6,374",678,"₹14,999","₹22,999",34% off
InnoQ,32 inch,HD Ready,LED,Android,3.9,"4,206",483,"₹7,990","₹29,990",73% off
TOSHIBA,43 inch,Full HD,LED,Android,4.2,"6,743",920,"₹20,999","₹34,990",39% off
TCL,50 inch,Ultra HD (4K),LED,Google TV,4.1,"24,978","2,097","₹28,490","₹64,990",56% off
TOSHIBA,43 inch,Ultra HD (4K),LED,Google TV,4.3,"5,341",878,"₹24,999","₹44,999",44% off
iFFALCON,65 inch,Ultra HD (4K),LED,Google TV,4.2,"68,411","7,625","₹35,999","₹1,20,990",70% off
Thomson,43 inch,Full HD,LED,Linux,4.4,"42,232","5,726","₹15,499","₹22,999",32% off
Thomson,42 inch,Full HD,LED,Android,4.3,"1,21,233","21,447","₹15,999","₹28,499",43% off
Infinix,32 inch,HD Ready,QLED,WebOS,4.1,"2,484",305,"₹10,999","₹18,999",42% off
InnoQ,32 inch,HD Ready,LED,,3.9,"4,206",483,"₹6,990","₹24,990",72% off
REDMI,43 inch,Ultra HD (4K),LED,FireTv OS 7,4.2,"9,933",627,"₹25,999","₹42,999",39% off
Acer,55 inch,Ultra HD (4K),LED,Google TV,4.2,"27,029","2,917","₹32,999","₹72,999",54% off
KODAK,43 inch,Ultra HD (4K),QLED,Google TV,4.5,"4,415",901,"₹21,999","₹31,999",31% off
SAMSUNG,50 inch,Ultra HD (4K),LED,Tizen,4.3,"38,242","3,024","₹44,990","₹63,900",29% off
Infinix,32 inch,HD Ready,LED,Linux,3.7,"1,094",94,"₹8,499","₹16,999",50% off
MarQ,32 inch,HD Ready,LED,Coolita,4.2,"6,529",638,"₹8,399","₹21,000",60% off
Hisense,43 inch,Ultra HD (4K),QLED,Google TV,4.3,"2,135",407,"₹27,999","₹49,999",44% off
TOSHIBA,50 inch,Ultra HD (4K),LED,Google TV,4.3,"5,341",878,"₹30,999","₹54,999",43% off
MOTOROLA,65 inch,Ultra HD (4K),LED,Google TV,4.3,"5,921",564,"₹41,999","₹63,999",34% off
Thomson,55 inch,Ultra HD (4K),QLED,Google TV,4.4,"23,903","4,283","₹31,999","₹59,999",46% off
SAMSUNG,55 inch,Ultra HD (4K),LED,Tizen,4.3,"15,222","1,096","₹44,990","₹64,900",30% off
Thomson,43 inch,Full HD,LED,Android,4.3,"1,21,233","21,447","₹16,999","₹29,999",43% off
TCL,65 inch,Ultra HD (4K),QLED,Google TV,4.1,"3,014",271,"₹53,990","₹1,28,990",58% off
Blaupunkt,43 inch,Full HD,LED,Android,4.4,"15,767","3,375","₹17,499","₹29,999",41% off
acerpure,32 inch,HD Ready,QLED,Google TV,4.3,860,161,"₹12,999","₹27,990",53% off
iFFALCON,40 inch,Full HD,LED,Android,4.2,"68,411","7,625","₹14,999","₹38,990",61% off
TCL,65 inch,Ultra HD (4K),LED,Google TV,4.1,"24,978","2,097","₹46,990","₹1,24,990",62% off
Acer,55 inch,Ultra HD (4K),LED,Google TV,4.2,"27,029","2,917","₹29,999","₹59,999",50% off
MarQ,24 inch,HD Ready,LED,,4.1,"6,146",504,"₹5,999","₹15,000",60% off
Mi,43 inch,Ultra HD (4K),QLED,Google TV,4.1,485,36,"₹34,990","₹50,999",31% off
ONIDA,32 inch,HD Ready,LED,Android,4.2,649,72,"₹13,199","₹19,990",33% off
SENS,40 inch,Full HD,LED,Google TV,4.2,"4,207",598,"₹14,899","₹34,990",57% off
SAMSUNG,43 inch,Ultra HD (4K),LED,Tizen,4.3,"38,242","3,024","₹32,990","₹54,900",39% off
Vu,43 inch,Ultra HD (4K),LED,Google TV,4.4,"16,847","2,883","₹25,999","₹40,000",35% off
KODAK,32 inch,HD Ready,LED,Android,4.4,"39,316","7,634","₹10,499","₹17,999",41% off
Haier,55 inch,Ultra HD (4K),LED,Google TV,4.3,520,56,"₹39,891","₹60,990",34% off
LG,55 inch,Ultra HD (4K),LED,WebOS,4.4,"34,621","3,285","₹43,990","₹71,990",38% off
Daiwa,32 inch,HD Ready,QLED,Google TV,4.1,905,209,"₹9,999","₹25,990",61% off
TCL,55 inch,Ultra HD (4K),QLED,Google TV,4.2,741,71,"₹41,990","₹1,21,990",65% off
Daiwa,43 inch,Full HD,LED,Linux,4.2,"2,555",257,"₹13,999","₹27,990",49% off
Vu,50 inch,Ultra HD (4K),LED,Google TV,4.4,"16,847","2,883","₹29,499","₹55,000",46% off
Sansui,43 inch,Ultra HD (4K),LED,Android,4.2,"2,482",228,"₹20,999","₹35,390",40% off
MOTOROLA,50 inch,Ultra HD (4K),QLED,Google TV,4.3,"10,401","1,049","₹29,999","₹53,999",44% off
KODAK,42 inch,Full HD,LED,Android,4.4,"39,316","7,634","₹15,499","₹28,499",45% off
TCL,75 inch,Ultra HD (4K),QLED,Google TV,4.1,"3,014",271,"₹69,990","₹2,58,990",72% off
InnoQ,24 inch,HD Ready,LED,,3.9,"4,206",483,"₹4,990","₹19,990",75% off
MOTOROLA,43 inch,Ultra HD (4K),LED,Google TV,4.3,"5,921",564,"₹22,999","₹49,990",53% off
Vu,55 inch,Ultra HD (4K),LED,Google TV,4.4,"16,847","2,883","₹35,149","₹65,000",45% off
Thomson,55 inch,Ultra HD (4K),LED,Google TV,4.5,"40,044","9,550","₹26,999","₹44,999",40% off
Infinix,43 inch,Full HD,QLED,Google TV,4,276,28,"₹16,999","₹24,999",32% off
Thomson,65 inch,Ultra HD (4K),QLED,Google TV,4.4,"23,903","4,283","₹44,999","₹84,999",47% off
Mi,50 inch,Ultra HD (4K),LED,Google TV,4.3,"1,23,713","11,311","₹33,990","₹49,999",32% off
MarQ,24 inch,HD Ready,LED,Coolita,4.2,"6,529",638,"₹7,099","₹19,990",64% off
LG,65 inch,Ultra HD (4K),LED,WebOS,4.4,"34,621","3,285","₹64,990","₹1,14,990",43% off
Mi,55 inch,Ultra HD (4K),QLED,Google TV,4.1,485,36,"₹49,999","₹70,999",29% off
Thomson,55 inch,Ultra HD (4K),LED,Android,4.3,"26,869","5,534","₹24,999","₹46,999",46% off
SONY,55 inch,Ultra HD (4K),LED,Google TV,4.6,"25,345","4,410","₹54,990","₹99,900",44% off
KODAK,50 inch,Ultra HD (4K),LED,Google TV,4.5,"23,214","6,450","₹26,999","₹41,999",35% off
REDMI,55 inch,Ultra HD (4K),LED,FireTv OS 7,4.2,"9,933",627,"₹35,999","₹54,999",34% off
Blaupunkt,50 inch,Ultra HD (4K),QLED,Google TV,4.5,"8,589","2,115","₹27,999","₹49,999",44% off
Hisense,65 inch,Ultra HD (4K),QLED,Google TV,4.3,"2,135",407,"₹63,999","₹99,999",36% off
TCL,50 inch,Ultra HD (4K),QLED,Google TV,4.2,741,71,"₹33,990","₹1,14,990",70% off
Blaupunkt,55 inch,Ultra HD (4K),QLED,Google TV,4.5,"8,589","2,115","₹31,999","₹59,999",46% off
MOTOROLA,40 inch,Full HD,LED,Google TV,4.2,"8,135",790,"₹17,999","₹28,999",37% off
SAMSUNG,50 inch,Ultra HD (4K),LED,Tizen,4.3,"15,222","1,096","₹42,990","₹61,900",30% off
acerpure,43 inch,Ultra HD (4K),QLED,Google TV,4.3,860,161,"₹25,999","₹49,990",47% off
Mi,43 inch,Ultra HD (4K),LED,Google TV,4.3,"29,031","2,850","₹30,999","₹49,999",38% off
MOTOROLA,43 inch,Full HD,LED,Google TV,4.2,"8,135",790,"₹19,999","₹37,000",45% off
HUIDI,32 inch,HD Ready,LED,,4,"7,922",840,"₹6,699","₹17,599",61% off
Acer,32 inch,HD Ready,LED,Google TV,4.2,"27,029","2,917","₹11,999","₹20,999",42% off
InnoQ,24 inch,HD Ready,LED,,3.9,"4,206",483,"₹5,290","₹19,990",73% off
Blaupunkt,43 inch,Ultra HD (4K),QLED,Google TV,4.5,"8,589","2,115","₹22,499","₹33,999",33% off
Dor,43 inch,Ultra HD (4K),QLED,,4,29,9,"₹10,799","₹34,999",69% off
Hisense,55 inch,Ultra HD (4K),QLED,Google TV,4.3,"2,135",407,"₹39,999","₹64,999",38% off
Hisense,43 inch,Ultra HD (4K),LED,Google TV,4.3,"8,796","1,235","₹24,999","₹44,999",44% off
acerpure,43 inch,Full HD,LED,Google TV,4.2,"2,833",373,"₹18,999","₹34,990",45% off
MOTOROLA,40 inch,Full HD,LED,Google TV,4.2,"8,135",790,"₹17,999","₹28,999",37% off
KODAK,50 inch,Ultra HD (4K),LED,Google TV,4.5,"23,214","6,450","₹26,999","₹41,999",35% off
Sansui,32 inch,HD Ready,LED,Linux,4.2,711,87,"₹9,990","₹19,990",50% off
Mi,43 inch,Ultra HD (4K),LED,Google TV,4.3,"29,031","2,850","₹30,999","₹49,999",38% off
Admiral,43 inch,Ultra HD (4K),LED,Google TV,4.4,187,32,"₹19,999","₹31,199",35% off
TOSHIBA,50 inch,Ultra HD (4K),QLED,VIDAA,4.3,"5,469",904,"₹32,999","₹58,999",44% off
Blaupunkt,43 inch,Ultra HD (4K),QLED,Google TV,4.5,"8,589","2,115","₹22,499","₹33,999",33% off
TOSHIBA,55 inch,Ultra HD (4K),LED,Google TV,4.3,"5,341",878,"₹35,999","₹59,999",40% off
Hisense,55 inch,Ultra HD (4K),LED,Google TV,4.3,"8,796","1,235","₹34,999","₹59,999",41% off
InnoQ,24 inch,HD Ready,LED,,3.9,"4,206",483,"₹5,290","₹19,990",73% off
TOSHIBA,75 inch,Ultra HD (4K),LED,Google TV,4.3,"5,341",878,"₹79,999","₹1,14,999",30% off
Hisense,55 inch,Ultra HD (4K),QLED,Google TV,4.3,"2,135",407,"₹39,999","₹64,999",38% off
SAMSUNG,65 inch,Ultra HD (4K),LED,Tizen,4.3,"38,242","3,024","₹67,990","₹96,900",29% off
Hisense,55 inch,Ultra HD (4K),QLED,VIDAA,,,,"₹49,999","₹79,999",37% off
CANDY,32 inch,HD Ready,LED,Android,4.1,130,26,"₹10,990","₹19,990",45% off
Sansui,40 inch,Full HD,LED,Google TV,4.2,"2,482",228,"₹19,490","₹34,990",44% off
MarQ,32 inch,HD Ready,LED,Google TV,4.2,536,64,"₹9,999","₹18,000",44% off
acerpure,43 inch,Ultra HD (4K),LED,Google TV,4.2,"2,833",373,"₹21,499","₹49,990",56% off
Acer,43 inch,Full HD,LED,Google TV,4.2,"27,029","2,917","₹20,999","₹32,999",36% off
Mi,32 inch,HD Ready,LED,Google TV,4.3,"1,71,724","13,288","₹14,390","₹24,999",42% off
Thomson,75 inch,Ultra HD (4K),QLED,Google TV,4.4,"23,903","4,283","₹69,999","₹1,49,999",53% off
SAMSUNG,55 inch,Ultra HD (4K),LED,Tizen,4.3,"38,242","3,024","₹43,990","₹72,900",39% off
Hisense,65 inch,Ultra HD (4K),LED,Google TV,4.3,"8,796","1,235","₹49,999","₹79,999",37% off
KODAK,40 inch,Full HD,LED,Android,4.4,"39,316","7,634","₹15,499","₹26,999",42% off
Acer,50 inch,Ultra HD (4K),LED,Google TV,4.2,"27,029","2,917","₹27,549","₹49,999",44% off
Daiwa,43 inch,Ultra HD (4K),QLED,Google TV,4.1,905,209,"₹18,999","₹51,990",63% off
Infinix,55 inch,Ultra HD (4K),QLED,Google TV,4,276,28,"₹30,999","₹39,999",22% off
HUIDI,,HD Ready,LED,,,,,"₹10,999",,
SONY,55 inch,Ultra HD (4K),LED,Google TV,4.7,556,95,"₹69,999","₹1,29,900",46% off
Panasonic,43 inch,Ultra HD (4K),LED,Google TV,4.3,"8,785","1,207","₹30,990","₹42,990",27% off
Sansui,32 inch,HD Ready,LED,Coolita,4.2,58,6,"₹9,990","₹19,990",50% off
Haier,43 inch,Ultra HD (4K),LED,Google TV,4.3,520,56,"₹29,441","₹45,990",35% off
Thomson,40 inch,Full HD,LED,Linux,4.4,"42,232","5,726","₹14,999","₹17,999",16% off
ONIDA,43 inch,Ultra HD (4K),LED,Google TV,4.1,"1,085",174,"₹23,490","₹34,990",32% off
Daiwa,32 inch,HD Ready,LED,Google TV,4.2,85,21,"₹9,499","₹24,490",61% off
Mi,40 inch,Full HD,LED,Google TV,4.3,"1,71,724","13,288","₹19,999","₹29,999",33% off
Hisense,32 inch,HD Ready,LED,Google TV,4.2,"1,844",362,"₹11,999","₹24,999",52% off
acerpure,65 inch,Ultra HD (4K),LED,Google TV,4.2,"2,833",373,"₹45,999","₹99,990",53% off
Mi,65 inch,Ultra HD (4K),QLED,Google TV,4.1,485,36,"₹69,999","₹99,999",30% off
acerpure,50 inch,Ultra HD (4K),QLED,Google TV,4.3,860,161,"₹30,999","₹64,990",52% off
MOTOROLA,55 inch,Ultra HD (4K),LED,Google TV,4.3,"5,921",564,"₹29,990","₹56,790",47% off
TOSHIBA,65 inch,Ultra HD (4K),QLED,Google TV,4.3,"5,469",904,"₹59,999","₹99,999",40% off
KODAK,24 inch,HD Ready,LED,,4,"10,222","1,154","₹5,999","₹10,499",42% off
acerpure,32 inch,HD Ready,LED,Google TV,4.2,"2,833",373,"₹11,299","₹24,990",54% off
Blaupunkt,50 inch,Ultra HD (4K),LED,Google TV,4.5,"7,780","1,787","₹26,999","₹41,999",35% off
LG,32 inch,HD Ready,LED,WebOS,4.4,"4,769",494,"₹15,990","₹23,990",33% off
MOTOROLA,55 inch,Ultra HD (4K),LED,Google TV,4.3,"5,921",564,"₹29,990","₹56,790",47% off
LG,55 inch,Ultra HD (4K),OLED,WebOS,4.4,230,20,"₹79,990","₹1,39,990",42% off
Blaupunkt,40 inch,Full HD,LED,Android,4.4,"15,767","3,375","₹15,299","₹26,999",43% off
TCL,85 inch,Ultra HD (4K),QLED,Google TV,4.2,741,71,"₹1,69,990","₹5,09,990",66% off
SAMSUNG,55 inch,Ultra HD (4K),LED,Tizen,4.3,"38,242","3,024","₹43,990","₹72,900",39% off
Foxsky,50 inch,Ultra HD (4K),QLED,Google TV,4,823,142,"₹24,999","₹85,990",70% off
iFFALCON,43 inch,Ultra HD (4K),QLED,Google TV,4.2,"3,489",407,"₹21,999","₹59,990",63% off
CANDY,65 inch,Ultra HD (4K),QLED,Google TV,4.2,143,25,"₹39,999","₹69,990",42% off
Hisense,65 inch,Ultra HD (4K),Mini LED,VIDAA,4.3,138,26,"₹69,999","₹1,19,999",41% off
Coocaa,32 inch,HD Ready,LED,Google TV,4.2,"1,323",212,"₹11,499","₹27,990",58% off
Daiwa,32 inch,HD Ready,LED,Google TV,4.2,85,21,"₹9,499","₹24,490",61% off
Thomson,43 inch,Ultra HD (4K),LED,Android,4.3,"26,869","5,534","₹18,999","₹33,999",44% off
SONY,50 inch,Ultra HD (4K),LED,Google TV,4.6,"7,668",934,"₹53,990","₹79,900",32% off
Hisense,55 inch,Ultra HD (4K),Mini LED,VIDAA,4.3,138,26,"₹49,999","₹89,999",44% off
Sansui,32 inch,HD Ready,LED,Linux,4.2,711,87,"₹9,990","₹19,990",50% off
Thomson,55 inch,Ultra HD (4K),LED,Android,4.5,"40,044","9,550","₹27,999","₹54,999",49% off
Mi,55 inch,Ultra HD (4K),LED,Google TV,4.3,"29,031","2,850","₹45,999","₹69,999",34% off
TOSHIBA,65 inch,Ultra HD (4K),QLED,VIDAA,4.3,"5,469",904,"₹56,999","₹89,999",36% off
SONY,43 inch,Ultra HD (4K),LED,Google TV,4.7,"2,555",369,"₹45,590","₹69,900",34% off
KODAK,32 inch,HD Ready,LED,Android,4.4,"39,316","7,634","₹9,999","₹18,499",45% off
TOSHIBA,43 inch,Ultra HD (4K),QLED,VIDAA,4.3,"5,469",904,"₹28,999","₹45,999",36% off
Reliance,32 inch,HD Ready,LED,Android,3.8,75,3,"₹10,960","₹21,490",48% off
Vu,65 inch,Ultra HD (4K),LED,Google TV,4.2,"4,229",709,"₹45,999","₹75,000",38% off
Foxsky,50 inch,Ultra HD (4K),LED,Android,3.7,160,36,"₹23,999","₹82,990",71% off
Thomson,43 inch,Ultra HD (4K),LED,Android,4.3,"26,869","5,534","₹18,999","₹33,999",44% off
Sansui,32 inch,HD Ready,LED,Android,4.1,57,6,"₹10,829","₹19,990",45% off
Sansui,86 inch,Ultra HD (4K),LED,Android,4.7,3,0,"₹1,67,999","₹2,19,000",23% off
InnoQ,24 inch,HD Ready,LED,,3.9,"4,206",483,"₹5,290","₹19,990",73% off
Sansui,70 inch,Ultra HD (4K),LED,Google TV,4.2,"2,482",228,"₹59,999","₹96,900",38% off
SAMSUNG,32 inch,HD Ready,LED,Tizen,4.2,224,21,"₹18,999","₹23,990",20% off
XElectron,24 inch,HD Ready,LED,,4.1,810,156,"₹5,699","₹13,999",59% off
Coocaa,43 inch,Full HD,LED,Google TV,4.2,"1,323",212,"₹18,999","₹39,990",52% off
Acer,32 inch,HD Ready,QLED,Google TV,4,"4,415",429,"₹12,999","₹23,999",45% off
Panasonic,55 inch,Ultra HD (4K),LED,Google TV,4.3,"8,785","1,207","₹44,990","₹62,990",28% off
iFFALCON,50 inch,Ultra HD (4K),QLED,Google TV,4.2,"3,489",407,"₹27,999","₹1,12,990",75% off
iFFALCON,55 inch,Ultra HD (4K),LED,Google TV,4.2,"68,411","7,625","₹26,999","₹73,990",63% off
Daiwa,43 inch,Ultra HD (4K),LED,Google TV,4.2,85,21,"₹21,299","₹46,999",54% off
KODAK,43 inch,Full HD,LED,Android,4.4,"39,316","7,634","₹16,999","₹29,999",43% off
acerpure,55 inch,Ultra HD (4K),LED,Google TV,4.2,"2,833",373,"₹33,999","₹69,990",51% off
SONY,65 inch,Ultra HD (4K),LED,Google TV,5,3,0,"₹85,490","₹1,39,900",38% off
Hisense,65 inch,Ultra HD (4K),Mini LED,VIDAA,4.3,138,26,"₹69,999","₹1,19,999",41% off
Hisense,55 inch,Ultra HD (4K),QLED,VIDAA,4.3,137,29,"₹44,999","₹79,999",43% off
KODAK,32 inch,HD Ready,LED,Android,4.4,"39,316","7,634","₹9,999","₹18,499",45% off
KODAK,32 inch,HD Ready,LED,,4.1,"16,850","2,519","₹8,499","₹15,999",46% off
acerpure,50 inch,Ultra HD (4K),LED,Google TV,4.1,29,3,"₹28,999","₹59,990",51% off
Foxsky,43 inch,Ultra HD (4K),QLED,Google TV,4,823,142,"₹19,999","₹45,499",56% off
SAMSUNG,65 inch,Ultra HD (4K),LED,Tizen,4.3,"15,222","1,096","₹65,990","₹94,900",30% off
T,24 inch,HD Ready,LED,,4.3,56,6,"₹7,990","₹12,990",38% off
iFFALCON,32 inch,HD Ready,LED,Android,4.2,"68,411","7,625","₹8,999","₹19,990",54% off
Hisense,50 inch,Ultra HD (4K),QLED,Google TV,4.3,"2,135",407,"₹37,999","₹59,999",36% off
Mi,50 inch,Ultra HD (4K),LED,Google TV,4.3,"29,031","2,850","₹39,990","₹59,999",33% off
Hisense,55 inch,Ultra HD (4K),Mini LED,VIDAA,4.3,577,101,"₹69,999","₹1,09,999",36% off
Hisense,50 inch,Ultra HD (4K),LED,Google TV,4.3,"8,796","1,235","₹29,999","₹59,999",50% off
iFFALCON,50 inch,Ultra HD (4K),LED,Google TV,4.2,"68,411","7,625","₹27,499","₹62,990",56% off
SONY,65 inch,Ultra HD (4K),LED,Google TV,4.6,"25,345","4,410","₹73,990","₹1,39,900",47% off
TOSHIBA,55 inch,Ultra HD (4K),LED,Google TV,4.3,"5,341",878,"₹34,999","₹59,990",41% off
MOTOROLA,55 inch,Ultra HD (4K),Mini LED,Google TV,4.4,393,48,"₹41,999","₹69,999",40% off
SAMSUNG,55 inch,Ultra HD (4K),LED,Tizen,4.4,"26,313","2,614","₹42,990","₹70,900",39% off
REDMI,32 inch,HD Ready,LED,FireTv OS 7,4.2,"9,933",627,"₹13,499","₹24,999",46% off
SAMSUNG,65 inch,Ultra HD (4K),LED,Tizen,4.3,"38,242","3,024","₹59,999","₹1,09,900",45% off
Sansui,43 inch,Ultra HD (4K),LED,Google TV,4,5,1,"₹26,990","₹41,990",35% off
SENS,55 inch,Ultra HD (4K),LED,Android,4.2,"4,207",598,"₹28,999","₹56,790",48% off
SONY,43 inch,Ultra HD (4K),LED,Google TV,4.6,"25,345","4,410","₹38,990","₹59,900",34% off
Hisense,65 inch,Ultra HD (4K),QLED,Google TV,4.3,"2,135",407,"₹63,999","₹99,999",36% off
Hisense,55 inch,Ultra HD (4K),LED,Google TV,4.3,"7,337",893,"₹35,999","₹69,990",48% off
BPL,32 inch,HD Ready,LED,Android,,,,"₹12,399","₹20,000",38% off
REDMI,32 inch,HD Ready,LED,Android,4.1,48,5,,,
Panasonic,32 inch,HD Ready,LED,Android,4,25,4,"₹15,249","₹19,990",23% off
IMPEX,32 inch,HD Ready,LED,Linux,4,183,9,"₹9,599","₹17,990",46% off
Hisense,75 inch,Ultra HD (4K),QLED,Google TV,4.3,"2,135",407,"₹96,999","₹1,49,999",35% off
iFFALCON,43 inch,Ultra HD (4K),LED,Google TV,4.2,"68,411","7,625","₹18,999","₹49,990",61% off
LG,32 inch,Full HD,LED,WebOS,4.4,107,8,"₹15,890","₹21,728",26% off
Hisense,50 inch,Ultra HD (4K),QLED,Google TV,4.3,"2,135",407,"₹39,890","₹59,990",33% off
SAMSUNG,65 inch,Ultra HD (4K),LED,Tizen,4.3,"15,222","1,096","₹65,990","₹94,900",30% off
Acer,32 inch,HD Ready,QLED,Google TV,4,"4,415",429,"₹16,490","₹23,990",31% off
Foxsky,55 inch,Ultra HD (4K),LED,Android,3.7,160,36,"₹27,999","₹97,990",71% off
iFFALCON,32 inch,HD Ready,LED,Android,4.2,"68,411","7,625","₹8,999","₹19,990",54% off
REDMI,32 inch,HD Ready,LED,Android,4.1,48,5,,,
LG,55 inch,Ultra HD (4K),QNED,WebOS,4.6,123,12,"₹69,990","₹1,09,990",36% off
iFFALCON,43 inch,Ultra HD (4K),LED,Google TV,4.2,"68,411","7,625","₹18,999","₹49,990",61% off
TCL,75 inch,Ultra HD (4K),LED,Google TV,4.1,"24,978","2,097","₹66,990","₹2,54,990",73% off
KODAK,65 inch,Ultra HD (4K),QLED,Google TV,4.5,"4,415",901,"₹43,999","₹84,999",48% off
Admiral,32 inch,HD Ready,LED,Google TV,4.4,510,80,"₹8,999","₹13,799",34% off
Reliance,43 inch,Ultra HD (4K),QLED,WebOS,5,4,1,"₹22,690","₹51,990",56% off
iFFALCON,65 inch,Ultra HD (4K),QLED,Google TV,4.2,"3,489",407,"₹49,999","₹1,64,990",69% off
Sansui,32 inch,HD Ready,LED,Coolita,4.2,58,6,"₹11,200","₹19,999",43% off
acerpure,50 inch,Ultra HD (4K),LED,Google TV,4.1,29,3,"₹28,999","₹59,990",51% off
SAMSUNG,43 inch,Ultra HD (4K),LED,Tizen,4.4,"26,313","2,614","₹28,490","₹47,900",40% off
Hisense,55 inch,Ultra HD (4K),LED,Google TV,4.3,"7,337",893,"₹38,999","₹69,999",44% off
SENS,55 inch,Ultra HD (4K),LED,Android,4.2,"4,207",598,"₹28,999","₹56,790",48% off
Mi,50 inch,Ultra HD (4K),LED,Google TV,4.3,"29,031","2,850","₹39,990","₹59,999",33% off
Daiwa,43 inch,Ultra HD (4K),QLED,WebOS,4.1,905,209,"₹21,999","₹48,990",55% off
Hisense,55 inch,Ultra HD (4K),LED,Google TV,4.3,"8,796","1,235","₹34,999","₹64,999",46% off
HUIDI,43 inch,Full HD,LED,Android,3.8,"2,095",181,"₹14,999","₹36,999",59% off
SONY,43 inch,Ultra HD (4K),LED,Google TV,4.6,"25,345","4,410","₹38,990","₹59,900",34% off
Sansui,43 inch,Full HD,LED,Google TV,4.2,"2,482",228,"₹22,990","₹39,990",42% off
TCL,65 inch,Ultra HD (4K),QLED,Google TV,4.2,741,71,"₹64,990","₹1,66,990",61% off
Haier,65 inch,Ultra HD (4K),QLED,Google TV,4.6,5,0,"₹77,990","₹1,40,990",44% off
Hisense,65 inch,Ultra HD (4K),Mini LED,VIDAA,4.3,577,101,"₹99,999","₹1,49,999",33% off
LG,32 inch,HD Ready,LED,WebOS,,,,"₹16,999","₹24,999",32% off
LG,32 inch,Full HD,LED,WebOS,4.4,17,2,"₹16,599","₹21,615",23% off
LG,55 inch,Ultra HD (4K),QNED,WebOS,4.6,123,12,"₹69,990","₹1,09,990",36% off
SAMSUNG,32 inch,HD Ready,LED,Tizen,4.3,168,14,"₹17,490","₹24,432",28% off
OnePlus,32 inch,HD Ready,LED,Android,4.3,"87,081","7,819","₹15,699","₹21,999",28% off
MOTOROLA,50 inch,Ultra HD (4K),Mini LED,Google TV,4.4,393,48,"₹38,999","₹59,999",35% off
Reliance,32 inch,HD Ready,LED,Android,4.3,4,0,"₹10,639","₹21,490",50% off
Hisense,55 inch,Ultra HD (4K),LED,Google TV,4.3,"8,796","1,235","₹34,999","₹64,999",46% off
Oxygen,43 inch,Full HD,LED,Android,,,,"₹15,665","₹44,990",65% off
Reliance,24 inch,Full HD,LED,,,,,"₹6,999","₹13,999",50% off
XElectron,32 inch,HD Ready,LED,,4.1,810,156,"₹7,649","₹17,999",57% off
Sansui,32 inch,HD Ready,LED,Google TV,4.1,98,7,"₹11,750","₹20,990",44% off
Hisense,65 inch,Ultra HD (4K),QLED,VIDAA,,,,"₹64,999","₹1,09,999",40% off
Blaupunkt,40 inch,Full HD,LED,Linux,4.2,"1,660",190,"₹13,999","₹18,999",26% off
KODAK,55 inch,Ultra HD (4K),LED,Google TV,4.5,"23,214","6,450","₹28,999","₹44,999",35% off
Haier,55 inch,Ultra HD (4K),QLED,Google TV,4.6,5,0,"₹54,990","₹1,20,990",54% off
iFFALCON,55 inch,Ultra HD (4K),QLED,Google TV,4.2,"3,489",407,"₹33,999","₹1,19,900",71% off
Hyundai,32 inch,HD Ready,LED,Android,4.3,194,33,"₹10,899","₹22,990",52% off
Daiwa,55 inch,Ultra HD (4K),LED,Google TV,4.2,85,21,"₹33,999","₹69,990",51% off
SONY,65 inch,Ultra HD (4K),LED,Google TV,4.2,5,1,"₹1,06,390","₹1,64,900",35% off
Coocaa,55 inch,Ultra HD (4K),QLED,Google TV,4.3,180,35,"₹36,999","₹79,990",53% off
Coocaa,55 inch,Ultra HD (4K),QLED,Google TV,4.3,180,35,"₹36,999","₹79,990",53% off
ONIDA,65 inch,Ultra HD (4K),LED,Google TV,4.3,158,28,"₹46,199","₹64,990",28% off
Daiwa,55 inch,Ultra HD (4K),QLED,Google TV,4.1,905,209,"₹34,599","₹74,990",53% off
TOSHIBA,43 inch,Ultra HD (4K),LED,Google TV,4.3,"5,341",878,"₹24,999","₹44,999",44% off
Infinix,32 inch,HD Ready,LED,Linux,4.2,"49,455","5,180","₹8,999","₹16,999",47% off
Blaupunkt,50 inch,Ultra HD (4K),LED,Android,4.5,"7,780","1,787","₹26,699","₹47,999",44% off
Hisense,50 inch,Ultra HD (4K),QLED,VIDAA,4.3,"6,829","1,004","₹30,999","₹59,999",48% off
Dyanora,43 inch,Full HD,LED,Linux,4.1,376,50,"₹15,699","₹29,999",47% off
iFFALCON,65 inch,Ultra HD (4K),LED,Google TV,4.2,"68,411","7,625","₹45,999","₹1,20,990",61% off
XElectron,32 inch,HD Ready,LED,,4.1,810,156,"₹7,649","₹17,999",57% off
Haier,55 inch,Ultra HD (4K),LED,Google TV,4.2,218,24,"₹41,990","₹69,990",40% off
LG,32 inch,HD Ready,LED,WebOS,4.3,41,0,"₹17,000","₹21,709",21% off
Sansui,55 inch,Ultra HD (4K),LED,Google TV,,,,"₹37,990","₹59,990",36% off
Infinix,55 inch,Ultra HD (4K),QLED,Android,4.3,320,66,"₹32,999","₹59,999",45% off
Mi,43 inch,Full HD,LED,Google TV,4.3,"1,71,724","13,288","₹24,999","₹35,999",30% off
Admiral,43 inch,Full HD,LED,Google TV,4.4,510,80,"₹18,999","₹27,299",30% off
Thomson,50 inch,Ultra HD (4K),LED,Android,4.5,"40,044","9,550","₹23,999","₹46,999",48% off
LG,55 inch,Ultra HD (4K),LED,WebOS,4.4,"34,621","3,285","₹43,840","₹71,990",39% off
KODAK,55 inch,Ultra HD (4K),LED,Google TV,4.5,"23,214","6,450","₹28,999","₹44,999",35% off
realme,50 inch,Ultra HD (4K),LED,Google TV,4.3,"1,654",148,"₹28,999","₹53,999",46% off
Thomson,65 inch,Ultra HD (4K),LED,Google TV,4.5,"40,044","9,550","₹44,999","₹69,999",35% off
SENS,65 inch,Ultra HD (4K),QLED,Google TV,4.3,632,111,"₹39,999","₹70,290",43% off
OnePlus,32 inch,HD Ready,LED,Android,4.3,"87,081","7,819","₹15,699","₹21,999",28% off
OnePlus,43 inch,Full HD,LED,Android,4.3,"87,081","7,819","₹23,899","₹31,999",25% off
IMPEX,32 inch,Full HD,LED,Google TV,4.4,5,1,"₹16,490","₹27,000",38% off
Hisense,55 inch,Ultra HD (4K),LED,Google TV,4.3,"7,337",893,"₹38,999","₹69,999",44% off
Dyanora,43 inch,Ultra HD (4K),LED,Android,4,262,33,"₹18,999","₹37,999",50% off
Admiral,43 inch,Full HD,LED,Google TV,4.4,510,80,"₹18,999","₹27,299",30% off
Blaupunkt,50 inch,Ultra HD (4K),LED,Android,4.5,"7,780","1,787","₹26,699","₹47,999",44% off
Akai,32 inch,HD Ready,LED,Android,2.5,4,2,"₹16,878","₹24,990",32% off
SAMSUNG,32 inch,HD Ready,LED,Tizen,4,21,1,"₹13,900","₹18,900",26% off
iFFALCON,65 inch,Ultra HD (4K),LED,Google TV,4.2,"68,411","7,625","₹45,999","₹1,20,990",61% off
REALMERCURY,32 inch,Ultra HD (4K),QLED,Android,3,6,0,"₹12,700","₹23,100",45% off
TOSHIBA,55 inch,Ultra HD (4K),Mini LED,VIDAA,4.2,291,77,"₹43,999","₹84,999",48% off
SAMSUNG,55 inch,Ultra HD (4K),LED,Tizen,,,,"₹58,041","₹78,900",26% off
TOSHIBA,43 inch,Ultra HD (4K),LED,Google TV,4.3,"2,253",332,"₹24,999","₹34,990",28% off
Hisense,43 inch,Ultra HD (4K),QLED,Google TV,4.3,"2,135",407,"₹27,999","₹49,999",44% off
REDMI,32 inch,HD Ready,LED,FireTv OS 7,3.3,3,1,"₹12,949","₹24,999",48% off
Daiwa,50 inch,Ultra HD (4K),QLED,WebOS,4.4,34,10,"₹29,999","₹58,990",49% off
CANDY,43 inch,Ultra HD (4K),LED,Google TV,4.5,427,103,"₹24,990","₹30,990",19% off
Acer,32 inch,HD Ready,LED,Android,3.7,6,0,"₹15,999","₹24,999",36% off
Mi,32 inch,HD Ready,LED,Android,4.4,"2,22,002","21,042","₹15,999","₹19,999",20% off
Acer,75 inch,Ultra HD (4K),LED,Google TV,3.9,16,2,"₹69,999","₹1,49,990",53% off
IMPEX,55 inch,Ultra HD (4K),LED,Google TV,5,1,1,"₹43,990","₹73,000",39% off
Dyanora,43 inch,Full HD,LED,Linux,4.1,376,50,"₹15,699","₹29,999",47% off
Blaupunkt,43 inch,Full HD,LED,Android,4.4,"15,767","3,375","₹14,999","₹28,999",48% off
BPL,43 inch,Ultra HD (4K),LED,Android,,,,"₹26,499","₹42,000",36% off
SAMSUNG,55 inch,Ultra HD (4K),QLED,Tizen,4,7,0,"₹90,334","₹1,19,900",24% off
Reliance,32 inch,Full HD,LED,WebOS,3.9,426,45,"₹13,999","₹29,999",53% off
Daiwa,50 inch,Ultra HD (4K),QLED,WebOS,4.4,34,10,"₹29,999","₹58,990",49% off
Blaupunkt,55 inch,Ultra HD (4K),LED,Android,4.5,"7,780","1,787","₹29,599","₹55,999",47% off
Qthin,43 inch,Ultra HD (4K),LED,Google TV,,,,"₹19,990","₹24,990",20% off
Coocaa,43 inch,Ultra HD (4K),LED,Google TV,4.2,451,68,"₹23,999","₹49,990",51% off
BPL,32 inch,HD Ready,LED,Linux,4.4,5,0,"₹11,100","₹18,500",40% off
IMPEX,32 inch,HD Ready,LED,,4,183,9,"₹8,999","₹15,990",43% off
Sansui,65 inch,Ultra HD (4K),QLED,Google TV,4.2,712,106,"₹55,091","₹79,990",31% off
SAMSUNG,32 inch,HD Ready,LED,Tizen,4,21,1,"₹13,900","₹18,900",26% off
Thomson,32 inch,HD Ready,LED,,4.1,"61,462","8,532","₹8,499","₹14,990",43% off
SONY,75 inch,Ultra HD (4K),Mini LED,Google TV,,,,"₹3,32,490","₹4,49,990",26% off
Panasonic,32 inch,HD Ready,LED,Android,4,25,4,"₹15,249","₹19,990",23% off
Oxygen,43 inch,Full HD,LED,Android,,,,"₹15,665","₹44,990",65% off
IMPEX,32 inch,Full HD,LED,Google TV,4.4,5,1,"₹16,490","₹27,000",38% off
LG,32 inch,Full HD,LED,WebOS,4.4,17,2,"₹16,599","₹21,615",23% off
MarQ,43 inch,Ultra HD (4K),LED,Android,4.3,"5,946","1,064","₹10,999","₹34,999",68% off
Admiral,55 inch,Ultra HD (4K),LED,Google TV,4.4,187,32,"₹30,999","₹44,199",29% off
XElectron,43 inch,Ultra HD (4K),LED,Android,4.1,810,156,"₹19,990","₹34,999",42% off
Acer,55 inch,Ultra HD (4K),LED,Google TV,4.2,665,97,"₹38,999","₹54,999",29% off
Vu,55 inch,Ultra HD (4K),LED,Google TV,,,,"₹43,999","₹60,000",26% off
Dyanora,32 inch,HD Ready,LED,,4.1,"5,022",637,"₹7,699","₹15,999",51% off
Sansui,32 inch,HD Ready,LED,Android,4.1,"1,042",109,"₹11,599","₹20,990",44% off
Reliance,55 inch,Ultra HD (4K),QLED,Google TV,,,,"₹36,990","₹59,990",38% off
REALMERCURY,32 inch,Ultra HD (4K),QLED,Android,3,6,0,"₹12,700","₹23,100",45% off
iMEE,43 inch,Ultra HD (4K),LED,Linux,,,,"₹15,999","₹39,999",60% off
LIMEBERRY,50 inch,Ultra HD (4K),OLED,Android,,,,"₹49,499","₹89,999",45% off
SENS,55 inch,Ultra HD (4K),QLED,Google TV,4.3,632,111,"₹29,999","₹59,990",49% off
SONY,65 inch,Ultra HD (4K),Mini LED,Google TV,,,,"₹1,99,490","₹2,99,990",33% off
Dyanora,43 inch,Full HD,LED,Android,4,262,33,"₹16,999","₹32,999",48% off
KODAK,40 inch,Full HD,LED,Android,4.4,"9,403","2,054","₹14,399","₹20,999",31% off
INVANTER,32 inch,HD Ready,LED,Android,,,,"₹12,992","₹19,990",35% off
Haier,55 inch,Ultra HD (4K),LED,Google TV,4.2,218,24,"₹41,990","₹69,990",40% off
PHILIPS,43 inch,Full HD,LED,Linux,4,116,18,"₹26,999","₹35,990",24% off
SONY,65 inch,Ultra HD (4K),LED,Google TV,4.7,"2,555",369,"₹77,990","₹1,39,900",44% off
Mi,32 inch,HD Ready,LED,Android,4.3,"1,71,724","13,288","₹24,999",,
Sansui,43 inch,Full HD,LED,Google TV,4.6,15,2,"₹21,990","₹39,990",45% off
Coocaa,32 inch,HD Ready,LED,Linux,4.2,"7,302","1,223","₹11,999","₹25,990",53% off
Lloyd,43 inch,Ultra HD (4K),QLED,WebOS,4.5,174,34,"₹28,199","₹50,490",44% off
BPL,43 inch,Full HD,LED,Linux,,,,"₹19,539","₹30,990",36% off
Foxsky,65 inch,Ultra HD (4K),QLED,Google TV,4,823,142,"₹42,999","₹1,30,990",67% off
SAMSUNG,85 inch,Ultra HD (4K),QLED,Tizen,3.8,5,1,"₹4,99,990","₹7,99,900",37% off
SAMSUNG,43 inch,Ultra HD (4K),QLED,Tizen,,,,"₹53,999","₹67,928",20% off
BPL,55 inch,Ultra HD (4K),LED,Google TV,,,,"₹37,990","₹57,000",33% off
BPL,32 inch,HD Ready,LED,Linux,4.4,5,0,"₹11,100","₹18,500",40% off
KODAK,50 inch,Ultra HD (4K),QLED,Google TV,4.5,"4,415",901,"₹28,999","₹49,999",42% off
SONY,32 inch,HD Ready,LED,Android,4.5,133,20,"₹28,990","₹35,999",19% off
Haier,32 inch,HD Ready,LED,,4.3,15,0,"₹12,999","₹27,993",53% off
Samtonic,40 inch,Full HD,LED,Android,,,,"₹14,999","₹31,400",52% off
TOSHIBA,50 inch,Ultra HD (4K),LED,Google TV,4.3,"5,341",878,"₹31,999","₹54,999",41% off
CANDY,65 inch,Ultra HD (4K),LED,Google TV,4.7,21,6,"₹47,490","₹62,990",24% off
SONY,75 inch,Ultra HD (4K),Mini LED,Google TV,,,,"₹3,32,490","₹4,49,990",26% off
TOSHIBA,50 inch,Ultra HD (4K),LED,Google TV,4.3,"2,253",332,"₹32,299","₹54,990",41% off
Hyundai,32 inch,HD Ready,LED,Android,,,,"₹10,499","₹18,990",44% off
Oxygen,32 inch,HD Ready,LED,Android,,,,"₹9,490","₹22,990",58% off
NU,43 inch,Full HD,LED,WebOS,4.1,120,19,"₹18,599","₹39,999",53% off
Coocaa,43 inch,Ultra HD (4K),LED,Google TV,4.2,451,68,"₹20,899","₹59,999",65% off
IMPEX,43 inch,Full HD,LED,Google TV,,,,"₹25,490","₹51,000",50% off
HUIDI,,HD Ready,LED,Android,,,,"₹18,999",,
Hisense,75 inch,Ultra HD (4K),LED,Google TV,4.3,"8,796","1,235","₹94,999","₹1,49,999",36% off
CANDY,32 inch,HD Ready,LED,Android,4.2,251,40,"₹10,990","₹19,990",45% off
Foxsky,65 inch,Ultra HD (4K),LED,Android,3.7,160,36,"₹39,999","₹1,29,990",69% off
Aiwa,43 inch,Ultra HD (4K),LED,Google TV,,,,"₹26,500","₹49,990",46% off
T,43 inch,Full HD,LED,,3.7,3,0,"₹21,990","₹34,990",37% off
KODAK,50 inch,Ultra HD (4K),LED,Android,4.3,"9,078","1,942","₹32,899","₹33,999",3% off
Hisense,43 inch,Ultra HD (4K),LED,Google TV,4.3,"8,796","1,235","₹24,999","₹44,999",44% off
Sansui,55 inch,Ultra HD (4K),LED,Google TV,3.7,3,0,"₹37,999","₹58,790",35% off
Reliance,55 inch,Ultra HD (4K),QLED,WebOS,,,,"₹36,990","₹62,990",41% off
SAMSUNG,65 inch,Ultra HD (4K),LED,Android,,,,"₹75,900","₹93,900",19% off
Lloyd,43 inch,Full HD,LED,WebOS,,,,"₹25,790","₹42,490",39% off
PUNTA,32 inch,HD Ready,LED,Android,,,,,,
Sansui,24 inch,HD Ready,LED,,3.5,29,0,"₹7,982","₹12,990",38% off
BPL,43 inch,Full HD,LED,Linux,3.7,6,0,"₹19,900","₹31,000",35% off
BPL,32 inch,HD Ready,LED,,4.4,20,1,"₹11,999","₹27,000",55% off
Reliance,55 inch,Ultra HD (4K),QLED,Google TV,,,,"₹36,990","₹59,990",38% off
Qthin,43 inch,Ultra HD (4K),LED,Google TV,,,,"₹19,990","₹24,990",20% off
Compaq,24 inch,HD Ready,LED,,4.1,"4,455",652,"₹7,699","₹10,999",30% off
Krisa,32 inch,HD Ready,LED,,,,,"₹7,690","₹19,990",61% off
vistek,32 inch,Full HD,LED,Android,,,,"₹7,884","₹12,999",39% off
Salora,50 inch,Ultra HD (4K),LED,Android,5,1,1,"₹41,999","₹42,750",1% off
Hisense,43 inch,Full HD,LED,Android,4.1,169,19,"₹21,999","₹34,990",37% off
CORNEA,50 inch,Ultra HD (4K),LED,Android,4.5,2,1,"₹24,999","₹39,999",37% off
TCL,75 inch,Ultra HD (4K),QLED,Google TV,4.2,741,71,"₹79,990","₹2,99,990",73% off
TOSHIBA,65 inch,Ultra HD (4K),QLED,Google TV,4.3,"5,469",904,"₹56,999","₹1,14,990",50% off
LG,32 inch,HD Ready,LED,WebOS,,,,"₹17,282","₹21,240",18% off
TCL,43 inch,Full HD,LED,Android,3.6,8,0,"₹23,499","₹45,990",48% off
CANDY,50 inch,Ultra HD (4K),LED,Google TV,4.5,427,103,"₹29,990","₹39,990",25% off
Sansui,70 inch,Ultra HD (4K),LED,Android,4.6,24,1,"₹65,299","₹94,500",30% off
CORNEA,86 inch,Ultra HD (4K),LED,Android,,,,"₹1,93,899","₹2,99,999",35% off
NU,32 inch,HD Ready,LED,WebOS,4.1,120,19,"₹11,099","₹23,999",53% off
Thomson,32 inch,HD Ready,LED,,4.1,"61,462","8,532","₹8,499","₹14,990",43% off
MOTOROLA,43 inch,Full HD,LED,Android,4.3,"3,296",468,"₹22,327","₹33,000",32% off
Hisense,43 inch,Ultra HD (4K),QLED,VIDAA,4.3,"6,829","1,004","₹27,999","₹46,999",40% off
Coocaa,55 inch,Ultra HD (4K),LED,Google TV,4.2,451,68,"₹32,999","₹69,990",52% off
Panasonic,32 inch,HD Ready,LED,,,,,"₹17,890","₹22,990",22% off
Sansui,55 inch,Ultra HD (4K),LED,,3.7,95,33,"₹57,899","₹69,200",16% off
Dyanora,43 inch,Ultra HD (4K),LED,WebOS,4,"7,168",720,"₹19,499","₹37,999",48% off
Haier,50 inch,Ultra HD (4K),QLED,Google TV,,,,"₹40,700","₹65,990",38% off
skylive,40 inch,Full HD,LED,Android,,,,"₹12,999","₹24,999",48% off
SENS,43 inch,Ultra HD (4K),LED,Android,4.2,"4,207",598,"₹20,799","₹38,990",46% off
skylive,43 inch,Full HD,LED,WebOS,,,,"₹18,499","₹37,999",51% off
Sansui,75 inch,Ultra HD (4K),QLED,Google TV,,,,"₹84,890","₹1,69,900",50% off
BPL,32 inch,HD Ready,LED,Android,4.1,26,1,"₹13,225","₹27,000",51% off
Haier,43 inch,Ultra HD (4K),QLED,Google TV,,,,"₹32,850","₹50,990",35% off
cenit,43 inch,Full HD,LED,Android,,,,"₹25,999","₹43,999",40% off
ONIDA,55 inch,Ultra HD (4K),LED,VIDAA,4.4,58,14,"₹35,099","₹68,990",49% off
SAMSUNG,65 inch,Ultra HD (4K),OLED,Tizen,,,,"₹2,19,990","₹3,19,990",31% off
skylive,43 inch,Full HD,LED,Android,,,,"₹14,999","₹29,999",50% off
iMEE,32 inch,HD Ready,LED,Android,3.6,28,3,"₹10,914","₹18,999",42% off
IMPEX,32 inch,HD Ready,LED,Google TV,,,,"₹15,490","₹26,000",40% off
Acer,50 inch,Ultra HD (4K),LED,Google TV,4.2,665,97,"₹33,990","₹49,990",32% off
Thomson,75 inch,Ultra HD (4K),LED,Android,4.5,"40,044","9,550","₹79,999","₹1,49,999",46% off
Daiwa,55 inch,Ultra HD (4K),QLED,WebOS,4.2,5,2,"₹34,499","₹74,990",53% off
Haier,43 inch,Ultra HD (4K),QLED,Google TV,,,,"₹39,999","₹60,660",34% off
AISEN,40 inch,SD,LED,,,,,"₹13,990","₹21,990",36% off
CANDY,55 inch,Ultra HD (4K),QLED,Google TV,4.2,143,25,"₹41,990","₹55,990",25% off
IMPEX,65 inch,Ultra HD (4K),LED,Google TV,,,,"₹60,990","₹91,000",32% off
Aiwa,32 inch,HD Ready,LED,Android,5,5,0,"₹13,110","₹29,900",56% off
SKYTRON,32 inch,HD Ready,LED,Android,3.5,61,9,"₹8,399","₹23,999",65% off
TOSHIBA,65 inch,Ultra HD (4K),Mini LED,VIDAA,4.2,291,77,"₹62,999","₹1,14,999",45% off
Aiwa,43 inch,Full HD,LED,Android,,,,"₹21,999","₹49,990",55% off
Hyundai,55 inch,Ultra HD (4K),LED,WebOS,4.2,52,8,"₹48,193","₹97,990",50% off
LIMEBERRY,50 inch,Ultra HD (4K),QLED,WebOS,,,,"₹48,019","₹89,999",46% off
skylive,43 inch,Full HD,LED,Android,,,,"₹14,999","₹29,999",50% off
IMPEX,55 inch,Ultra HD (4K),LED,Google TV,5,1,1,"₹43,990","₹73,000",39% off
IMPEX,32 inch,HD Ready,LED,Google TV,,,,"₹15,490","₹26,000",40% off
Wybor,32 inch,HD Ready,LED,Android,,,,"₹11,199","₹23,900",53% off
Acer,50 inch,Ultra HD (4K),LED,Google TV,4.2,665,97,"₹33,990","₹49,990",32% off
SAMSUNG,65 inch,Ultra HD (4K),LED,Tizen,,,,"₹69,990","₹93,900",25% off
Haier,50 inch,Ultra HD (4K),QLED,Google TV,,,,"₹40,700","₹65,990",38% off
Mi,43 inch,Ultra HD (4K),LED,Android,4.3,"1,23,713","11,311","₹28,999","₹42,999",32% off
CANDY,55 inch,Ultra HD (4K),QLED,Google TV,4.2,143,25,"₹41,990","₹55,990",25% off
INVANTER,43 inch,Full HD,LED,Android,4,7,1,"₹16,305","₹25,990",37% off
LEEMA,32 inch,HD Ready,LED,Android,4,4,0,"₹8,999","₹19,999",55% off
Haier,43 inch,Ultra HD (4K),QLED,Google TV,,,,"₹39,999","₹60,660",34% off
ONIDA,55 inch,Ultra HD (4K),LED,VIDAA,4.4,58,14,"₹35,099","₹68,990",49% off
IMPEX,43 inch,Full HD,LED,Google TV,3.7,3,0,"₹21,999","₹39,990",44% off
Haier,75 inch,Ultra HD (4K),LED,Google TV,,,,,,
ONIDA,43 inch,Ultra HD (4K),LED,,4.8,5,1,"₹26,982","₹35,990",25% off
Hisense,65 inch,Ultra HD (4K),LED,Google TV,4.3,"7,337",893,"₹47,999","₹99,990",51% off
Acer,70 inch,Ultra HD (4K),LED,Google TV,4.1,26,4,"₹64,990","₹99,990",35% off
Aiwa,43 inch,Full HD,LED,Android,,,,"₹21,999","₹49,990",55% off
Salora,50 inch,Ultra HD (4K),LED,Android,5,1,1,"₹41,999","₹42,750",1% off
skylive,32 inch,HD Ready,LED,Android,,,,"₹8,299","₹18,999",56% off
Cellecor,32 inch,Full HD,LED,Android,3,21,2,"₹10,899","₹18,999",42% off
Lihu,50 inch,Ultra HD (4K),OLED,WebOS,,,,"₹59,899","₹91,999",34% off
skylive,40 inch,Full HD,LED,Android,,,,"₹12,999","₹24,999",48% off
BPL,43 inch,Full HD,LED,Android,4.1,31,6,"₹23,990","₹40,000",40% off
HUIDI,,HD Ready,LED,Android,,,,"₹18,999",,
Sansui,40 inch,Full HD,LED,Android,4.1,"1,042",109,"₹23,990","₹29,990",20% off
Hisense,32 inch,HD Ready,LED,Android,4.2,"1,844",362,,,
VONE,32 inch,Full HD,LED,Android,,,,"₹9,399","₹16,900",44% off
Lloyd,55 inch,Ultra HD (4K),LED,WebOS,,,,"₹44,850","₹66,990",33% off
JVC,58 inch,Ultra HD (4K),QLED,Android,,,,"₹47,243","₹79,990",40% off
LIMEBERRY,50 inch,Ultra HD (4K),OLED,Android,,,,"₹49,499","₹89,999",45% off
Panasonic,55 inch,Ultra HD (4K),LCD,,,,,"₹48,990","₹75,990",35% off
SAMSUNG,65 inch,Ultra HD (4K),OLED,Tizen,,,,"₹2,19,990","₹3,19,990",31% off
KODAK,75 inch,Ultra HD (4K),LED,Android,4.5,"23,214","6,450","₹85,199","₹1,49,999",43% off
Haier,43 inch,Ultra HD (4K),LED,Google TV,3.6,8,1,"₹28,990","₹32,380",10% off
T,32 inch,HD Ready,LED,WebOS,2.8,5,1,"₹12,990","₹22,990",43% off
TCL,43 inch,Full HD,LED,Android,,,,"₹24,990","₹47,990",47% off
BPL,55 inch,Ultra HD (4K),LED,Google TV,,,,"₹35,140","₹57,000",38% off
Nacson,32 inch,HD Ready,LED,Android,3.7,10,1,"₹8,499","₹24,990",65% off
LG,32 inch,HD Ready,LED,WebOS,4.3,906,126,"₹21,940","₹27,492",20% off
Samtonic,50 inch,Ultra HD (4K),LED,Android,,,,"₹27,200","₹46,900",42% off
Compaq,43 inch,Full HD,LED,Coolita,4.1,"4,455",652,"₹18,699","₹25,990",28% off
LG,55 inch,Ultra HD (4K),OLED,WebOS,,,,"₹1,64,990","₹2,54,990",35% off
Sansui,65 inch,Ultra HD (4K),LED,,,,,"₹55,550","₹79,990",30% off
Sansui,55 inch,Ultra HD (4K),LED,Android,4.3,"1,166",158,"₹41,990","₹53,290",21% off
Acer,55 inch,Ultra HD (4K),LED,Google TV,,,,"₹36,990","₹62,990",41% off
Intex,32 inch,HD Ready,LED,,,,,"₹13,457","₹20,999",35% off
Sansui,40 inch,Full HD,LED,Android,4.1,"1,042",109,"₹23,990","₹29,990",20% off
Haier,43 inch,Ultra HD (4K),LED,,2.3,4,0,,,
Swan,32 inch,HD Ready,LED,Android,,,,"₹9,950","₹15,950",37% off
Krisa,32 inch,HD Ready,LED,,,,,"₹7,690","₹19,990",61% off
Haier,32 inch,HD Ready,LED,Google TV,4.9,10,0,"₹16,500","₹21,900",24% off
Panasonic,43 inch,Full HD,LED,,,,,"₹24,900","₹31,990",22% off
T,32 inch,HD Ready,LED,WebOS,2.8,5,1,"₹12,990","₹22,990",43% off
Lloyd,32 inch,HD Ready,LED,WebOS,,,,"₹16,810","₹25,490",34% off
Intex,32 inch,HD Ready,LED,Android,2.9,7,1,"₹10,999","₹23,900",53% off
Infinix,50 inch,Ultra HD (4K),LED,Android,4.2,"1,365",217,"₹29,999","₹39,999",25% off
BPL,43 inch,Ultra HD (4K),LED,,,,,"₹25,950","₹45,000",42% off
BPL,32 inch,HD Ready,LED,,,,,"₹11,290","₹25,000",54% off
Coocaa,65 inch,Ultra HD (4K),LED,Google TV,4.2,451,68,"₹45,999","₹99,999",54% off
Coocaa,65 inch,Ultra HD (4K),LED,Google TV,4.2,451,68,"₹45,999","₹79,990",42% off
Hyundai,43 inch,Ultra HD (4K),LED,WebOS,4.1,105,18,"₹21,444","₹57,990",63% off
BPL,32 inch,HD Ready,LED,,3.3,3,0,"₹12,750","₹25,000",49% off
Onix,32 inch,HD Ready,LED,Android,,,,"₹15,999","₹18,990",15% off
REALMERCURY,32 inch,Ultra HD (4K),QLED,Android,2.7,9,1,"₹12,607","₹23,300",45% off
Reliance,24 inch,Full HD,LED,Android,,,,"₹7,799","₹14,999",48% off
Samtonic,32 inch,HD Ready,LED,Android,,,,"₹10,999","₹25,900",57% off
INVANTER,43 inch,Full HD,LED,Android,,,,"₹18,000","₹35,990",49% off
NU,43 inch,Ultra HD (4K),LED,,3.1,14,4,"₹21,399","₹49,999",57% off
Akai,24 inch,HD Ready,LED,,4.1,12,0,,,
NU,43 inch,Ultra HD (4K),LED,,3.1,14,4,"₹21,399","₹49,999",57% off
BPL,43 inch,Ultra HD (4K),LED,,,,,"₹25,950","₹45,000",42% off
Lloyd,32 inch,HD Ready,LED,WebOS,,,,"₹16,810","₹25,490",34% off
BPL,32 inch,HD Ready,LED,,,,,"₹11,290","₹25,000",54% off
Hyundai,43 inch,Ultra HD (4K),LED,WebOS,4.1,105,18,"₹21,444","₹57,990",63% off
Intex,32 inch,HD Ready,LED,Android,2.9,7,1,"₹10,999","₹23,900",53% off
T,43 inch,Full HD,LED,,3.7,3,0,"₹21,990","₹34,990",37% off
Samtonic,32 inch,HD Ready,LED,Android,,,,"₹10,999","₹25,900",57% off
Hisense,55 inch,Ultra HD (4K),LED,Google TV,4.3,"8,796","1,235","₹37,990","₹59,990",36% off
EGOTEL,43 inch,HD Ready,LED,,,,,"₹16,590","₹17,000",2% off
Acer,43 inch,Ultra HD (4K),LED,Google TV,,,,"₹47,999",,
Acer,43 inch,Full HD,LED,Google TV,,,,"₹44,999",,
Acer,50 inch,Ultra HD (4K),LED,Google TV,,,,"₹63,999",,
BPL,32 inch,HD Ready,LED,,3.3,3,0,"₹12,750","₹25,000",49% off
Acer,32 inch,HD Ready,LED,Google TV,,,,"₹23,999",,
Acer,55 inch,Ultra HD (4K),LED,Google TV,,,,"₹73,999",,
Compaq,32 inch,HD Ready,LED,,4.1,"4,455",652,"₹8,599","₹17,999",52% off
Aiwa,32 inch,Full HD,LED,Coolita,3.5,4,1,"₹10,590","₹18,990",44% off
Acer,65 inch,Ultra HD (4K),LED,Google TV,,,,"₹79,999",,
LG,55 inch,Ultra HD (4K),LED,WebOS,4.3,19,7,"₹50,999","₹63,233",19% off
Lloyd,32 inch,HD Ready,LED,WebOS,2.5,2,1,"₹16,699","₹25,490",34% off
Candes,24 inch,HD Ready,LED,,4,599,72,"₹9,039","₹15,990",43% off
Intex,32 inch,HD Ready,LED,Android,,,,"₹12,029","₹55,000",78% off
BPL,32 inch,HD Ready,LED,Google TV,4,4,0,"₹13,599","₹24,000",43% off
Hyundai,32 inch,HD Ready,LED,WebOS,4.3,56,9,"₹10,709","₹26,990",60% off
Sharp,32 inch,HD Ready,LED,,3.2,11,0,"₹24,950","₹25,990",4% off
NVY,32 inch,HD Ready,LED,Android,,,,,,
Compaq,32 inch,HD Ready,LED,,4.2,92,14,"₹7,882","₹15,999",50% off
Reliance,43 inch,Ultra HD (4K),QLED,WebOS,,,,"₹44,990","₹51,990",13% off
V,32 inch,HD Ready,LED,,3.6,21,0,,,
SAMSUNG,65 inch,Ultra HD (4K),QLED,Tizen,,,,"₹1,29,990","₹2,59,990",50% off
Micromax,43 inch,Ultra HD (4K),LED,,4,"2,677",756,"₹33,199","₹91,990",63% off
Vu,32 inch,Full HD,LED,,4.3,"9,888","2,185","₹18,500",,
Acer,43 inch,Ultra HD (4K),LED,Android,4.4,"7,028","1,173","₹25,999","₹34,990",25% off
Sanyo,49 inch,Ultra HD (4K),LED,Linux,3.9,78,21,,,
SPL,50 inch,Ultra HD (4K),LED,Android,4.1,87,8,,,
Blaupunkt,49 inch,Full HD,LED,Android,4.1,"3,209",629,"₹22,799","₹44,000",48% off
DETEL,43 inch,Full HD,LED,Android,4.1,76,6,"₹23,147","₹44,900",48% off
SAMSUNG,65 inch,Ultra HD (4K),LED,Tizen,4.4,"26,313","2,614","₹81,990","₹1,25,900",34% off
Lloyd,65 inch,Ultra HD (4K),LED,Android,,,,"₹60,998","₹99,990",38% off
iMEE,32 inch,HD Ready,LED,Android,1,2,1,"₹14,199","₹20,999",32% off
IAIR,43 inch,HD Ready,LED,WebOS,,,,"₹21,677","₹43,490",50% off
IAIR,24 inch,HD Ready,LED,,,,,"₹5,740","₹15,999",64% off
cenit,32 inch,HD Ready,LED,,,,,"₹12,000","₹18,000",33% off
IAIR,32 inch,HD Ready,LED,Android,,,,"₹11,205","₹25,499",56% off
SKYTRON,55 inch,Ultra HD (4K),LED,WebOS,4,248,41,"₹34,999","₹79,990",56% off
SPL,65 inch,Ultra HD (4K),LED,Android,4.1,87,8,,,
Sansui,65 inch,Ultra HD (4K),LED,Google TV,,,,"₹54,990","₹70,990",22% off
Qthin,43 inch,Full HD,LED,Android,,,,"₹16,490","₹22,990",28% off
INVANTER,55 inch,Ultra HD (4K),LED,Android,,,,"₹34,000","₹65,000",47% off
Panasonic,43 inch,Ultra HD (4K),LED,,,,,"₹33,990","₹50,990",33% off
STARSHINE,32 inch,HD Ready,LED,Google TV,,,,"₹12,993","₹18,999",31% off
Cellecor,32 inch,HD Ready,LED,,,,,"₹8,399","₹14,999",44% off
BPL,65 inch,Ultra HD (4K),LED,Android,,,,"₹54,990","₹99,000",44% off
Qthin,50 inch,Ultra HD (4K),LED,Google TV,,,,"₹29,990","₹37,990",21% off
INVANTER,43 inch,Ultra HD (4K),LED,Android,,,,"₹20,157","₹39,990",49% off
INVANTER,32 inch,HD Ready,LED,WebOS,,,,"₹13,290","₹23,990",44% off
Nacson,32 inch,HD Ready,LED,Android,4.2,35,5,"₹12,499","₹25,990",51% off
BPL,32 inch,HD Ready,LED,Google TV,,,,"₹13,699","₹24,000",42% off
Nacson,40 inch,Full HD,LED,Android,3.8,8,0,"₹16,499","₹34,990",52% off
VG,32 inch,HD Ready,LED,Android,,,,"₹10,490","₹14,990",30% off
fox,32 inch,HD Ready,LED,Android,,,,"₹11,199","₹24,999",55% off
STARSHINE,50 inch,Ultra HD (4K),LED,WebOS,,,,"₹28,793","₹42,999",33% off
skylive,32 inch,HD Ready,LED,WebOS,,,,"₹14,500","₹28,999",49% off
Acer,50 inch,Ultra HD (4K),LED,Google TV,,,,"₹30,999","₹63,999",51% off
iMEE,43 inch,HD Ready,LED,Android,,,,"₹29,999","₹39,999",25% off
smart,32 inch,HD Ready,LED,Android,,,,"₹12,399","₹17,999",31% off
Samtonic,43 inch,Full HD,LED,Android,,,,"₹16,624","₹34,500",51% off
Power,43 inch,Full HD,LED,Android,,,,"₹18,999","₹39,990",52% off
Lloyd,32 inch,HD Ready,LED,WebOS,,,,"₹16,999","₹26,990",37% off
realme,43 inch,Full HD,LED,Android,4.3,"2,19,790","23,481","₹24,999","₹35,999",30% off
Acer,55 inch,Ultra HD (4K),LED,Google TV,,,,"₹36,999","₹74,999",50% off
Cellecor,32 inch,HD Ready,LED,Android,3.7,16,2,"₹10,499","₹15,999",34% off
BPL,32 inch,HD Ready,LED,,3.1,8,1,"₹12,600","₹27,000",53% off
Power,32 inch,HD Ready,LED,,2.8,6,0,"₹7,499","₹19,990",62% off
iMEE,24 inch,HD Ready,LED,,,,,"₹6,999","₹12,999",46% off
EGOTEL,32 inch,HD Ready,LED,Android,,,,"₹9,990","₹14,999",33% off
Power,32 inch,HD Ready,LED,Google TV,2,4,0,"₹10,999","₹34,990",68% off
Doodle,43 inch,HD Ready,LED,Android,,,,"₹41,989","₹41,990",
LG,55 inch,Ultra HD (4K),OLED,WebOS,,,,"₹1,31,990","₹2,30,990",42% off
MOTOROLA,65 inch,Ultra HD (4K),Mini LED,Google TV,4.4,393,48,"₹64,999","₹96,999",32% off
Daiwa,43 inch,Ultra HD (4K),LED,WebOS,4.2,"2,555",257,"₹21,299","₹38,990",45% off
LG,65 inch,Ultra HD (4K),QNED,WebOS,4.6,123,12,"₹1,09,990","₹1,59,990",31% off
SAMSUNG,50 inch,Ultra HD (4K),LED,Tizen,,,,"₹44,990","₹58,900",23% off
SAMSUNG,43 inch,Ultra HD (4K),LED,Tizen,4.9,7,1,"₹33,590","₹45,900",26% off
Haier,43 inch,Full HD,LED,Android,,,,"₹26,490","₹40,990",35% off
Vu,43 inch,Ultra HD (4K),LED,Google TV,4.2,"4,229",709,"₹22,999","₹30,000",23% off
SAMSUNG,75 inch,Ultra HD (4K),LED,Tizen,,,,"₹1,14,490","₹1,42,900",19% off
LG,43 inch,Ultra HD (4K),QNED,WebOS,4.6,123,12,"₹47,990","₹84,990",43% off
SAMSUNG,43 inch,Ultra HD (4K),LED,Tizen,,,,"₹35,713","₹48,900",26% off
LG,55 inch,Ultra HD (4K),LED,WebOS,4.5,"3,147",382,"₹48,900","₹84,990",42% off
Hisense,65 inch,Ultra HD (4K),QLED,Google TV,4.3,"2,135",407,"₹59,999","₹1,09,999",45% off
TOSHIBA,85 inch,Ultra HD (4K),QLED,Google TV,4.3,"5,469",904,"₹1,49,999","₹2,99,999",50% off
Infinix,55 inch,Ultra HD (4K),QLED,Android,4.3,320,66,"₹32,999","₹59,999",45% off
Lloyd,75 inch,Ultra HD (4K),QLED,Google TV,,,,"₹1,08,845","₹1,99,990",45% off
Haier,55 inch,Ultra HD (4K),QLED,Google TV,,,,"₹55,990","₹75,990",26% off
SAMSUNG,55 inch,Ultra HD (4K),QLED,Tizen,,,,"₹68,209","₹95,900",28% off
Acer,50 inch,Ultra HD (4K),QLED,Google TV,4.1,"1,705",194,"₹32,999","₹59,999",45% off
SAMSUNG,43 inch,Ultra HD (4K),LED,Tizen,2.7,3,0,"₹41,244","₹53,900",23% off
SAMSUNG,55 inch,Ultra HD (4K),LED,Tizen,4.3,"15,222","1,096","₹47,990","₹64,900",26% off
SAMSUNG,65 inch,Ultra HD (4K),QLED,Tizen,5,4,2,"₹1,68,232","₹2,19,900",23% off
Mi,43 inch,Ultra HD (4K),LED,Android,4.3,"29,031","2,850","₹30,999","₹49,990",37% off
Haier,55 inch,Ultra HD (4K),LED,,,,,"₹42,550","₹70,990",40% off
SAMSUNG,50 inch,Ultra HD (4K),QLED,Tizen,4.3,6,1,"₹58,990","₹77,900",24% off
LG,32 inch,HD Ready,LED,WebOS,4.4,"67,997","5,610","₹13,999","₹21,990",36% off
LG,65 inch,Ultra HD (4K),LED,WebOS,4.5,"6,138",939,"₹99,999","₹1,69,103",40% off
SONY,55 inch,Ultra HD (4K),LED,Google TV,,,,"₹57,990","₹99,990",42% off
Mi,75 inch,Ultra HD (4K),QLED,Android,4.4,"5,198",674,"₹86,399","₹1,99,999",56% off
SAMSUNG,55 inch,Ultra HD (4K),LED,Tizen,3.8,13,1,"₹47,990","₹70,990",32% off
Haier,43 inch,Ultra HD (4K),LED,Android,4.2,187,24,"₹31,099","₹43,990",29% off
SONY,55 inch,Ultra HD (4K),LED,Google TV,3,8,0,"₹65,540","₹99,900",34% off
LG,65 inch,Ultra HD (4K),LED,WebOS,4.4,"34,621","3,285","₹69,990","₹1,19,990",41% off
Haier,50 inch,Ultra HD (4K),LED,Google TV,4.2,218,24,"₹37,299","₹60,990",38% off
LG,43 inch,Ultra HD (4K),LED,WebOS,4.4,"34,621","3,285","₹34,999","₹49,200",28% off
Mi,65 inch,Ultra HD (4K),LED,Google TV,4.3,"1,23,713","11,311","₹58,999","₹89,999",34% off
TOSHIBA,85 inch,Ultra HD (4K),QLED,VIDAA,4,5,2,"₹1,99,999","₹4,99,999",60% off
LG,43 inch,Full HD,LED,WebOS,4.4,"8,104",683,"₹26,799","₹40,990",34% off
Hisense,50 inch,Ultra HD (4K),LED,Google TV,4.3,"8,796","1,235","₹59,999",,
Infinix,32 inch,HD Ready,LED,Android,4.2,"14,850","2,204","₹14,999","₹17,999",16% off
SAMSUNG,55 inch,SD,QLED,Tizen,,,,"₹67,990","₹95,900",29% off
LG,43 inch,Ultra HD (4K),LED,WebOS,4.4,"34,621","3,285","₹36,399","₹49,990",27% off
REALMERCURY,32 inch,Ultra HD (4K),QLED,Android,4.3,3,1,"₹12,499","₹21,999",43% off
KODAK,40 inch,Full HD,LED,Android,4.4,"9,403","2,054","₹14,399","₹20,999",31% off
Mi,50 inch,Ultra HD (4K),LED,Android,4.3,"1,23,713","11,311","₹34,999","₹44,999",22% off
LG,43 inch,Ultra HD (4K),QNED,WebOS,4.6,123,12,"₹47,990","₹84,990",43% off
Daiwa,65 inch,Ultra HD (4K),QLED,WebOS,4.4,34,10,"₹52,999","₹94,990",44% off
SAMSUNG,43 inch,Ultra HD (4K),LED,Tizen,,,,"₹35,713","₹48,900",26% off
SAMSUNG,55 inch,Ultra HD (4K),LED,Tizen,4.3,"15,222","1,096","₹47,990","₹64,900",26% off
Mi,32 inch,HD Ready,LED,Android,4.3,"38,564","3,309","₹19,999",,
Mi,75 inch,Ultra HD (4K),QLED,Android,4.4,"5,198",674,"₹86,399","₹1,99,999",56% off
SAMSUNG,55 inch,Ultra HD (4K),OLED,Tizen,,,,"₹1,33,990","₹1,88,900",29% off
SAMSUNG,55 inch,Ultra HD (4K),QLED,Tizen,5,5,1,"₹1,04,990","₹2,19,990",52% off
LG,55 inch,Ultra HD (4K),LED,WebOS,4.5,"3,147",382,"₹51,990","₹84,990",38% off
TOSHIBA,85 inch,Ultra HD (4K),QLED,Google TV,4.3,"5,469",904,"₹1,49,999","₹2,99,999",50% off
SONY,65 inch,Ultra HD (4K),Mini LED,Google TV,,,,"₹1,99,490","₹2,99,990",33% off
SAMSUNG,50 inch,Ultra HD (4K),QLED,Tizen,4.3,6,1,"₹58,990","₹77,900",24% off
SAMSUNG,43 inch,Ultra HD (4K),LED,Tizen,2.7,3,0,"₹43,990","₹53,900",18% off
Hisense,120 inch,Ultra HD (4K),Laser,VIDAA,,,,"₹4,99,999","₹6,99,999",28% off
LG,65 inch,Ultra HD (4K),LED,WebOS,4.5,"6,138",939,"₹99,999","₹1,69,103",40% off
LG,65 inch,Ultra HD (4K),QNED,WebOS,4.6,123,12,"₹1,09,990","₹1,59,990",31% off
SONY,55 inch,Ultra HD (4K),LED,Google TV,,,,"₹57,990","₹99,990",42% off
MOTOROLA,50 inch,Ultra HD (4K),LED,Android,4.4,"1,537",229,"₹33,999","₹48,999",30% off
Lloyd,75 inch,Ultra HD (4K),QLED,Google TV,,,,"₹1,08,845","₹1,99,990",45% off
