Brand,Screen-Size,Resolution,Display-Type,Operating-System,Rating,Number of Ratings,Reviews,Price,Original Price,Discount Percent
TCL,32 inch,HD Ready,LED,Android,4.1,24978,2097,8990.0,20990.0,57.0
Coocaa,43 inch,Full HD,LED,Coolita,4.2,23348,2744,11499.0,29999.0,61.0
iFFALCON,32 inch,HD Ready,LED,Android,4.2,68411,7625,8999.0,19990.0,54.0
Infinix,32 inch,HD Ready,LED,Linux,4.2,49455,5180,8499.0,16999.0,50.0
iFFALCON,43 inch,Ultra HD (4K),LED,Google TV,4.2,68411,7625,19999.0,50990.0,60.0
Acer,40 inch,Full HD,LED,Google TV,4.2,27029,2917,16499.0,37999.0,56.0
iFFALCON,55 inch,Ultra HD (4K),LED,Google TV,4.2,68411,7625,26999.0,73990.0,63.0
Acer,32 inch,HD Ready,LED,Google TV,4.2,27029,2917,10499.0,22999.0,54.0
MOTOROLA,43 inch,Ultra HD (4K),QLED,Google TV,4.2,4296,374,21299.0,51999.0,59.0
Mi,32 inch,HD Ready,LED,Google TV,4.3,171724,13288,13990.0,24999.0,44.0
Acer,32 inch,HD Ready,QLED,Google TV,4.0,4415,429,12999.0,24999.0,48.0
REDMI,32 inch,HD Ready,LED,FireTv OS 7,4.2,9933,627,12999.0,24999.0,48.0
Thomson,32 inch,HD Ready,LED,Linux,4.4,42232,5726,8499.0,14999.0,43.0
Mi,55 inch,Ultra HD (4K),LED,Google TV,4.3,123713,11311,31999.0,54999.0,41.0
TCL,32 inch,Full HD,LED,Google TV,4.1,24978,2097,12990.0,23990.0,45.0
LG,32 inch,HD Ready,LED,WebOS,4.3,22809,1504,14990.0,19990.0,25.0
Thomson,24 inch,HD Ready,LED,Linux,4.4,42232,5726,6499.0,9999.0,35.0
SAMSUNG,32 inch,HD Ready,LED,Tizen,4.3,150675,11117,15240.0,18900.0,19.0
TCL,55 inch,Ultra HD (4K),LED,Google TV,4.1,24978,2097,31990.0,77990.0,58.0
SAMSUNG,32 inch,HD Ready,LED,Unknown,4.1,60,2,10990.0,15900.0,30.0
MOTOROLA,65 inch,Ultra HD (4K),QLED,Google TV,4.3,10401,1049,41999.0,140580.0,70.0
Acer,43 inch,Ultra HD (4K),QLED,Google TV,4.1,1705,194,25999.0,50999.0,49.0
TCL,32 inch,Full HD,LED,Android,4.1,24978,2097,10490.0,21990.0,52.0
Coocaa,32 inch,HD Ready,LED,Coolita,4.2,23348,2744,7499.0,19990.0,62.0
Foxsky,32 inch,HD Ready,LED,Unknown,4.0,2644,317,6799.0,19990.0,65.0
Foxsky,32 inch,HD Ready,LED,Android,4.0,4169,793,7699.0,22499.0,65.0
SAMSUNG,43 inch,Full HD,LED,Tizen,4.3,150675,11117,24990.0,37900.0,34.0
MOTOROLA,55 inch,Ultra HD (4K),QLED,Google TV,4.3,10401,1049,30999.0,119980.0,74.0
LG,32 inch,HD Ready,LED,WebOS,4.3,22809,1504,13990.0,24990.0,44.0
TCL,55 inch,Ultra HD (4K),QLED,Google TV,4.1,5685,636,36990.0,120990.0,69.0
SAMSUNG,43 inch,Ultra HD (4K),LED,Tizen,4.3,38242,3024,31990.0,46900.0,31.0
Acer,50 inch,Ultra HD (4K),LED,Google TV,4.2,27029,2917,26999.0,62999.0,57.0
Mi,43 inch,Full HD,LED,Google TV,4.3,171724,13288,23990.0,35999.0,33.0
Acer,43 inch,Ultra HD (4K),LED,Google TV,4.2,27029,2917,20999.0,46999.0,55.0
KODAK,32 inch,HD Ready,LED,Linux,4.2,6374,678,8499.0,14999.0,43.0
Acer,32 inch,HD Ready,LED,Google TV,4.1,277,15,10999.0,21999.0,50.0
TCL,43 inch,Ultra HD (4K),LED,Google TV,4.1,24978,2097,20990.0,52990.0,60.0
TCL,43 inch,Ultra HD (4K),QLED,Google TV,4.1,5685,636,26990.0,60990.0,55.0
Infinix,32 inch,HD Ready,LED,Google TV,4.1,810,89,9999.0,16999.0,41.0
MOTOROLA,32 inch,HD Ready,QLED,Google TV,4.2,4296,374,11999.0,20999.0,42.0
REDMI,43 inch,Ultra HD (4K),LED,FireTv OS 7,4.2,9933,627,21999.0,42999.0,48.0
realme,55 inch,Ultra HD (4K),QLED,Google TV,4.3,2404,269,31999.0,66999.0,52.0
Foxsky,24 inch,HD Ready,LED,Unknown,4.0,2644,317,5299.0,12999.0,59.0
Vu,43 inch,Ultra HD (4K),LED,Google TV,4.4,16847,2883,23999.0,40000.0,40.0
realme,43 inch,Ultra HD (4K),LED,Google TV,4.3,1654,148,20999.0,41999.0,50.0
Thomson,43 inch,Ultra HD (4K),QLED,Google TV,4.4,23903,4283,21499.0,31999.0,32.0
Mi,43 inch,Ultra HD (4K),LED,Google TV,4.3,123713,11311,27999.0,42999.0,34.0
Thomson,32 inch,HD Ready,LED,Android,4.3,121233,21447,10499.0,17999.0,41.0
MOTOROLA,32 inch,HD Ready,LED,Google TV,4.2,8135,790,10999.0,20000.0,45.0
SONY,55 inch,Ultra HD (4K),LED,Google TV,4.6,7668,934,57990.0,99900.0,41.0
Foxsky,40 inch,Full HD,LED,Android,4.0,4169,793,11999.0,38499.0,68.0
TCL,55 inch,Ultra HD (4K),QLED,Google TV,4.1,3014,271,32990.0,79990.0,58.0
Thomson,32 inch,HD Ready,QLED,Android,4.4,23903,4283,11999.0,19999.0,40.0
KODAK,55 inch,Ultra HD (4K),QLED,Google TV,4.5,4415,901,31499.0,59999.0,47.0
Vu,55 inch,Ultra HD (4K),LED,Google TV,4.4,16847,2883,33999.0,65000.0,47.0
Mi,50 inch,Ultra HD (4K),LED,Google TV,4.3,123713,11311,29999.0,44999.0,33.0
KODAK,24 inch,HD Ready,LED,Linux,4.2,6374,678,6499.0,9999.0,35.0
SENS,43 inch,Full HD,LED,Google TV,4.2,4207,598,16999.0,39990.0,57.0
TOSHIBA,32 inch,HD Ready,LED,Android,4.2,6743,920,12999.0,24990.0,47.0
Foxsky,43 inch,Full HD,LED,Android,4.0,4169,793,13499.0,41499.0,67.0
Acer,55 inch,Ultra HD (4K),LED,Google TV,4.2,27029,2917,32999.0,72999.0,54.0
Dyanora,24 inch,HD Ready,LED,Unknown,4.0,7168,720,5499.0,10999.0,50.0
SAMSUNG,43 inch,Ultra HD (4K),LED,Tizen,4.3,15222,1096,30990.0,44900.0,30.0
Infinix,32 inch,HD Ready,QLED,WebOS,4.1,2484,305,10999.0,18999.0,42.0
Sansui,32 inch,HD Ready,LED,Google TV,4.2,2482,228,11990.0,21490.0,44.0
InnoQ,43 inch,Full HD,LED,Android,3.9,4206,483,13990.0,39990.0,65.0
LG,43 inch,Ultra HD (4K),LED,WebOS,4.4,3578,279,31990.0,47990.0,33.0
SAMSUNG,55 inch,Ultra HD (4K),LED,Tizen,4.3,38242,3024,46990.0,66900.0,29.0
LG,43 inch,Ultra HD (4K),LED,WebOS,4.4,34621,3285,30990.0,49990.0,38.0
KODAK,43 inch,Ultra HD (4K),QLED,Google TV,4.5,4415,901,21999.0,31999.0,31.0
SONY,32 inch,HD Ready,LED,Google TV,4.6,425,56,23990.0,34900.0,31.0
Thomson,32 inch,HD Ready,LED,Android,4.3,121233,21447,9799.0,14499.0,32.0
MarQ,32 inch,HD Ready,LED,Unknown,4.1,6146,504,7499.0,17000.0,55.0
Thomson,50 inch,Ultra HD (4K),LED,Google TV,4.5,40044,9550,24999.0,41999.0,40.0
Infinix,32 inch,HD Ready,LED,Linux,3.7,1094,94,8499.0,16999.0,50.0
Thomson,43 inch,Full HD,LED,Linux,4.4,42232,5726,15499.0,22999.0,32.0
realme,43 inch,Ultra HD (4K),QLED,Google TV,4.3,2404,269,22999.0,45999.0,50.0
realme,55 inch,Ultra HD (4K),LED,Google TV,4.3,1654,148,29299.0,62999.0,53.0
Acer,55 inch,Ultra HD (4K),QLED,Google TV,4.1,1705,194,39999.0,77999.0,48.0
TOSHIBA,43 inch,Ultra HD (4K),LED,Google TV,4.3,5341,878,24999.0,44999.0,44.0
HUIDI,32 inch,HD Ready,LED,Android,3.8,2095,181,7499.0,18999.0,60.0
Acer,50 inch,Ultra HD (4K),QLED,Google TV,4.1,1705,194,35999.0,66999.0,46.0
Blaupunkt,24 inch,HD Ready,LED,Linux,4.2,1660,190,6499.0,10999.0,40.0
Acer,43 inch,Full HD,LED,Google TV,4.2,27029,2917,19999.0,43999.0,54.0
LG,50 inch,Ultra HD (4K),LED,WebOS,4.4,34621,3285,37990.0,69990.0,45.0
Mi,55 inch,Ultra HD (4K),LED,Google TV,4.3,123713,11311,37990.0,54999.0,30.0
Blaupunkt,55 inch,Ultra HD (4K),QLED,Google TV,4.5,8589,2115,31999.0,59999.0,46.0
SENS,40 inch,Full HD,LED,Google TV,4.2,4207,598,14899.0,34990.0,57.0
Haier,32 inch,HD Ready,LED,Google TV,4.3,1825,174,13490.0,19990.0,32.0
Thomson,40 inch,Full HD,LED,Android,4.3,121233,21447,15499.0,26999.0,42.0
KODAK,43 inch,Full HD,LED,Linux,4.2,6374,678,14999.0,22999.0,34.0
InnoQ,32 inch,HD Ready,LED,Android,3.9,4206,483,7990.0,29990.0,73.0
TOSHIBA,43 inch,Full HD,LED,Android,4.2,6743,920,20999.0,34990.0,39.0
TCL,50 inch,Ultra HD (4K),LED,Google TV,4.1,24978,2097,28490.0,64990.0,56.0
iFFALCON,65 inch,Ultra HD (4K),LED,Google TV,4.2,68411,7625,35999.0,120990.0,70.0
Thomson,42 inch,Full HD,LED,Android,4.3,121233,21447,15999.0,28499.0,43.0
InnoQ,32 inch,HD Ready,LED,Unknown,3.9,4206,483,6990.0,24990.0,72.0
REDMI,43 inch,Ultra HD (4K),LED,FireTv OS 7,4.2,9933,627,25999.0,42999.0,39.0
SAMSUNG,50 inch,Ultra HD (4K),LED,Tizen,4.3,38242,3024,44990.0,63900.0,29.0
MarQ,32 inch,HD Ready,LED,Coolita,4.2,6529,638,8399.0,21000.0,60.0
Hisense,43 inch,Ultra HD (4K),QLED,Google TV,4.3,2135,407,27999.0,49999.0,44.0
TOSHIBA,50 inch,Ultra HD (4K),LED,Google TV,4.3,5341,878,30999.0,54999.0,43.0
MOTOROLA,65 inch,Ultra HD (4K),LED,Google TV,4.3,5921,564,41999.0,63999.0,34.0
Thomson,55 inch,Ultra HD (4K),QLED,Google TV,4.4,23903,4283,31999.0,59999.0,46.0
SAMSUNG,55 inch,Ultra HD (4K),LED,Tizen,4.3,15222,1096,44990.0,64900.0,30.0
Thomson,43 inch,Full HD,LED,Android,4.3,121233,21447,16999.0,29999.0,43.0
TCL,65 inch,Ultra HD (4K),QLED,Google TV,4.1,3014,271,53990.0,128990.0,58.0
Blaupunkt,43 inch,Full HD,LED,Android,4.4,15767,3375,17499.0,29999.0,41.0
acerpure,32 inch,HD Ready,QLED,Google TV,4.3,860,161,12999.0,27990.0,53.0
iFFALCON,40 inch,Full HD,LED,Android,4.2,68411,7625,14999.0,38990.0,61.0
TCL,65 inch,Ultra HD (4K),LED,Google TV,4.1,24978,2097,46990.0,124990.0,62.0
Acer,55 inch,Ultra HD (4K),LED,Google TV,4.2,27029,2917,29999.0,59999.0,50.0
MarQ,24 inch,HD Ready,LED,Unknown,4.1,6146,504,5999.0,15000.0,60.0
Mi,43 inch,Ultra HD (4K),QLED,Google TV,4.1,485,36,34990.0,50999.0,31.0
ONIDA,32 inch,HD Ready,LED,Android,4.2,649,72,13199.0,19990.0,33.0
SAMSUNG,43 inch,Ultra HD (4K),LED,Tizen,4.3,38242,3024,32990.0,54900.0,39.0
Vu,43 inch,Ultra HD (4K),LED,Google TV,4.4,16847,2883,25999.0,40000.0,35.0
KODAK,32 inch,HD Ready,LED,Android,4.4,39316,7634,10499.0,17999.0,41.0
Haier,55 inch,Ultra HD (4K),LED,Google TV,4.3,520,56,39891.0,60990.0,34.0
LG,55 inch,Ultra HD (4K),LED,WebOS,4.4,34621,3285,43990.0,71990.0,38.0
Daiwa,32 inch,HD Ready,QLED,Google TV,4.1,905,209,9999.0,25990.0,61.0
TCL,55 inch,Ultra HD (4K),QLED,Google TV,4.2,741,71,41990.0,121990.0,65.0
Daiwa,43 inch,Full HD,LED,Linux,4.2,2555,257,13999.0,27990.0,49.0
Vu,50 inch,Ultra HD (4K),LED,Google TV,4.4,16847,2883,29499.0,55000.0,46.0
Sansui,43 inch,Ultra HD (4K),LED,Android,4.2,2482,228,20999.0,35390.0,40.0
MOTOROLA,50 inch,Ultra HD (4K),QLED,Google TV,4.3,10401,1049,29999.0,53999.0,44.0
KODAK,42 inch,Full HD,LED,Android,4.4,39316,7634,15499.0,28499.0,45.0
TCL,75 inch,Ultra HD (4K),QLED,Google TV,4.1,3014,271,69990.0,258990.0,72.0
InnoQ,24 inch,HD Ready,LED,Unknown,3.9,4206,483,4990.0,19990.0,75.0
MOTOROLA,43 inch,Ultra HD (4K),LED,Google TV,4.3,5921,564,22999.0,49990.0,53.0
Vu,55 inch,Ultra HD (4K),LED,Google TV,4.4,16847,2883,35149.0,65000.0,45.0
Thomson,55 inch,Ultra HD (4K),LED,Google TV,4.5,40044,9550,26999.0,44999.0,40.0
Infinix,43 inch,Full HD,QLED,Google TV,4.0,276,28,16999.0,24999.0,32.0
Thomson,65 inch,Ultra HD (4K),QLED,Google TV,4.4,23903,4283,44999.0,84999.0,47.0
Mi,50 inch,Ultra HD (4K),LED,Google TV,4.3,123713,11311,33990.0,49999.0,32.0
MarQ,24 inch,HD Ready,LED,Coolita,4.2,6529,638,7099.0,19990.0,64.0
LG,65 inch,Ultra HD (4K),LED,WebOS,4.4,34621,3285,64990.0,114990.0,43.0
Mi,55 inch,Ultra HD (4K),QLED,Google TV,4.1,485,36,49999.0,70999.0,29.0
Thomson,55 inch,Ultra HD (4K),LED,Android,4.3,26869,5534,24999.0,46999.0,46.0
SONY,55 inch,Ultra HD (4K),LED,Google TV,4.6,25345,4410,54990.0,99900.0,44.0
KODAK,50 inch,Ultra HD (4K),LED,Google TV,4.5,23214,6450,26999.0,41999.0,35.0
REDMI,55 inch,Ultra HD (4K),LED,FireTv OS 7,4.2,9933,627,35999.0,54999.0,34.0
Blaupunkt,50 inch,Ultra HD (4K),QLED,Google TV,4.5,8589,2115,27999.0,49999.0,44.0
Hisense,65 inch,Ultra HD (4K),QLED,Google TV,4.3,2135,407,63999.0,99999.0,36.0
TCL,50 inch,Ultra HD (4K),QLED,Google TV,4.2,741,71,33990.0,114990.0,70.0
MOTOROLA,40 inch,Full HD,LED,Google TV,4.2,8135,790,17999.0,28999.0,37.0
SAMSUNG,50 inch,Ultra HD (4K),LED,Tizen,4.3,15222,1096,42990.0,61900.0,30.0
acerpure,43 inch,Ultra HD (4K),QLED,Google TV,4.3,860,161,25999.0,49990.0,47.0
Mi,43 inch,Ultra HD (4K),LED,Google TV,4.3,29031,2850,30999.0,49999.0,38.0
MOTOROLA,43 inch,Full HD,LED,Google TV,4.2,8135,790,19999.0,37000.0,45.0
HUIDI,32 inch,HD Ready,LED,Unknown,4.0,7922,840,6699.0,17599.0,61.0
Acer,32 inch,HD Ready,LED,Google TV,4.2,27029,2917,11999.0,20999.0,42.0
InnoQ,24 inch,HD Ready,LED,Unknown,3.9,4206,483,5290.0,19990.0,73.0
Blaupunkt,43 inch,Ultra HD (4K),QLED,Google TV,4.5,8589,2115,22499.0,33999.0,33.0
Dor,43 inch,Ultra HD (4K),QLED,Unknown,4.0,29,9,10799.0,34999.0,69.0
Hisense,55 inch,Ultra HD (4K),QLED,Google TV,4.3,2135,407,39999.0,64999.0,38.0
Hisense,43 inch,Ultra HD (4K),LED,Google TV,4.3,8796,1235,24999.0,44999.0,44.0
acerpure,43 inch,Full HD,LED,Google TV,4.2,2833,373,18999.0,34990.0,45.0
Sansui,32 inch,HD Ready,LED,Linux,4.2,711,87,9990.0,19990.0,50.0
Admiral,43 inch,Ultra HD (4K),LED,Google TV,4.4,187,32,19999.0,31199.0,35.0
TOSHIBA,50 inch,Ultra HD (4K),QLED,VIDAA,4.3,5469,904,32999.0,58999.0,44.0
TOSHIBA,55 inch,Ultra HD (4K),LED,Google TV,4.3,5341,878,35999.0,59999.0,40.0
Hisense,55 inch,Ultra HD (4K),LED,Google TV,4.3,8796,1235,34999.0,59999.0,41.0
TOSHIBA,75 inch,Ultra HD (4K),LED,Google TV,4.3,5341,878,79999.0,114999.0,30.0
SAMSUNG,65 inch,Ultra HD (4K),LED,Tizen,4.3,38242,3024,67990.0,96900.0,29.0
Hisense,55 inch,Ultra HD (4K),QLED,VIDAA,4.2,30,0,49999.0,79999.0,37.0
CANDY,32 inch,HD Ready,LED,Android,4.1,130,26,10990.0,19990.0,45.0
Sansui,40 inch,Full HD,LED,Google TV,4.2,2482,228,19490.0,34990.0,44.0
MarQ,32 inch,HD Ready,LED,Google TV,4.2,536,64,9999.0,18000.0,44.0
acerpure,43 inch,Ultra HD (4K),LED,Google TV,4.2,2833,373,21499.0,49990.0,56.0
Acer,43 inch,Full HD,LED,Google TV,4.2,27029,2917,20999.0,32999.0,36.0
Mi,32 inch,HD Ready,LED,Google TV,4.3,171724,13288,14390.0,24999.0,42.0
Thomson,75 inch,Ultra HD (4K),QLED,Google TV,4.4,23903,4283,69999.0,149999.0,53.0
SAMSUNG,55 inch,Ultra HD (4K),LED,Tizen,4.3,38242,3024,43990.0,72900.0,39.0
Hisense,65 inch,Ultra HD (4K),LED,Google TV,4.3,8796,1235,49999.0,79999.0,37.0
KODAK,40 inch,Full HD,LED,Android,4.4,39316,7634,15499.0,26999.0,42.0
Acer,50 inch,Ultra HD (4K),LED,Google TV,4.2,27029,2917,27549.0,49999.0,44.0
Daiwa,43 inch,Ultra HD (4K),QLED,Google TV,4.1,905,209,18999.0,51990.0,63.0
Infinix,55 inch,Ultra HD (4K),QLED,Google TV,4.0,276,28,30999.0,39999.0,22.0
SONY,55 inch,Ultra HD (4K),LED,Google TV,4.7,556,95,69999.0,129900.0,46.0
Panasonic,43 inch,Ultra HD (4K),LED,Google TV,4.3,8785,1207,30990.0,42990.0,27.0
Sansui,32 inch,HD Ready,LED,Coolita,4.2,58,6,9990.0,19990.0,50.0
Haier,43 inch,Ultra HD (4K),LED,Google TV,4.3,520,56,29441.0,45990.0,35.0
Thomson,40 inch,Full HD,LED,Linux,4.4,42232,5726,14999.0,17999.0,16.0
ONIDA,43 inch,Ultra HD (4K),LED,Google TV,4.1,1085,174,23490.0,34990.0,32.0
Daiwa,32 inch,HD Ready,LED,Google TV,4.2,85,21,9499.0,24490.0,61.0
Mi,40 inch,Full HD,LED,Google TV,4.3,171724,13288,19999.0,29999.0,33.0
Hisense,32 inch,HD Ready,LED,Google TV,4.2,1844,362,11999.0,24999.0,52.0
acerpure,65 inch,Ultra HD (4K),LED,Google TV,4.2,2833,373,45999.0,99990.0,53.0
Mi,65 inch,Ultra HD (4K),QLED,Google TV,4.1,485,36,69999.0,99999.0,30.0
acerpure,50 inch,Ultra HD (4K),QLED,Google TV,4.3,860,161,30999.0,64990.0,52.0
MOTOROLA,55 inch,Ultra HD (4K),LED,Google TV,4.3,5921,564,29990.0,56790.0,47.0
TOSHIBA,65 inch,Ultra HD (4K),QLED,Google TV,4.3,5469,904,59999.0,99999.0,40.0
KODAK,24 inch,HD Ready,LED,Unknown,4.0,10222,1154,5999.0,10499.0,42.0
acerpure,32 inch,HD Ready,LED,Google TV,4.2,2833,373,11299.0,24990.0,54.0
Blaupunkt,50 inch,Ultra HD (4K),LED,Google TV,4.5,7780,1787,26999.0,41999.0,35.0
LG,32 inch,HD Ready,LED,WebOS,4.4,4769,494,15990.0,23990.0,33.0
LG,55 inch,Ultra HD (4K),OLED,WebOS,4.4,230,20,79990.0,139990.0,42.0
Blaupunkt,40 inch,Full HD,LED,Android,4.4,15767,3375,15299.0,26999.0,43.0
TCL,85 inch,Ultra HD (4K),QLED,Google TV,4.2,741,71,169990.0,509990.0,66.0
Foxsky,50 inch,Ultra HD (4K),QLED,Google TV,4.0,823,142,24999.0,85990.0,70.0
iFFALCON,43 inch,Ultra HD (4K),QLED,Google TV,4.2,3489,407,21999.0,59990.0,63.0
CANDY,65 inch,Ultra HD (4K),QLED,Google TV,4.2,143,25,39999.0,69990.0,42.0
Hisense,65 inch,Ultra HD (4K),Mini LED,VIDAA,4.3,138,26,69999.0,119999.0,41.0
Coocaa,32 inch,HD Ready,LED,Google TV,4.2,1323,212,11499.0,27990.0,58.0
Thomson,43 inch,Ultra HD (4K),LED,Android,4.3,26869,5534,18999.0,33999.0,44.0
SONY,50 inch,Ultra HD (4K),LED,Google TV,4.6,7668,934,53990.0,79900.0,32.0
Hisense,55 inch,Ultra HD (4K),Mini LED,VIDAA,4.3,138,26,49999.0,89999.0,44.0
Thomson,55 inch,Ultra HD (4K),LED,Android,4.5,40044,9550,27999.0,54999.0,49.0
Mi,55 inch,Ultra HD (4K),LED,Google TV,4.3,29031,2850,45999.0,69999.0,34.0
TOSHIBA,65 inch,Ultra HD (4K),QLED,VIDAA,4.3,5469,904,56999.0,89999.0,36.0
SONY,43 inch,Ultra HD (4K),LED,Google TV,4.7,2555,369,45590.0,69900.0,34.0
KODAK,32 inch,HD Ready,LED,Android,4.4,39316,7634,9999.0,18499.0,45.0
TOSHIBA,43 inch,Ultra HD (4K),QLED,VIDAA,4.3,5469,904,28999.0,45999.0,36.0
Reliance,32 inch,HD Ready,LED,Android,3.8,75,3,10960.0,21490.0,48.0
Vu,65 inch,Ultra HD (4K),LED,Google TV,4.2,4229,709,45999.0,75000.0,38.0
Foxsky,50 inch,Ultra HD (4K),LED,Android,3.7,160,36,23999.0,82990.0,71.0
Sansui,32 inch,HD Ready,LED,Android,4.1,57,6,10829.0,19990.0,45.0
Sansui,86 inch,Ultra HD (4K),LED,Android,4.7,3,0,167999.0,219000.0,23.0
Sansui,70 inch,Ultra HD (4K),LED,Google TV,4.2,2482,228,59999.0,96900.0,38.0
SAMSUNG,32 inch,HD Ready,LED,Tizen,4.2,224,21,18999.0,23990.0,20.0
XElectron,24 inch,HD Ready,LED,Unknown,4.1,810,156,5699.0,13999.0,59.0
Coocaa,43 inch,Full HD,LED,Google TV,4.2,1323,212,18999.0,39990.0,52.0
Acer,32 inch,HD Ready,QLED,Google TV,4.0,4415,429,12999.0,23999.0,45.0
Panasonic,55 inch,Ultra HD (4K),LED,Google TV,4.3,8785,1207,44990.0,62990.0,28.0
iFFALCON,50 inch,Ultra HD (4K),QLED,Google TV,4.2,3489,407,27999.0,112990.0,75.0
Daiwa,43 inch,Ultra HD (4K),LED,Google TV,4.2,85,21,21299.0,46999.0,54.0
KODAK,43 inch,Full HD,LED,Android,4.4,39316,7634,16999.0,29999.0,43.0
acerpure,55 inch,Ultra HD (4K),LED,Google TV,4.2,2833,373,33999.0,69990.0,51.0
SONY,65 inch,Ultra HD (4K),LED,Google TV,5.0,3,0,85490.0,139900.0,38.0
Hisense,55 inch,Ultra HD (4K),QLED,VIDAA,4.3,137,29,44999.0,79999.0,43.0
KODAK,32 inch,HD Ready,LED,Unknown,4.1,16850,2519,8499.0,15999.0,46.0
acerpure,50 inch,Ultra HD (4K),LED,Google TV,4.1,29,3,28999.0,59990.0,51.0
Foxsky,43 inch,Ultra HD (4K),QLED,Google TV,4.0,823,142,19999.0,45499.0,56.0
SAMSUNG,65 inch,Ultra HD (4K),LED,Tizen,4.3,15222,1096,65990.0,94900.0,30.0
T,24 inch,HD Ready,LED,Unknown,4.3,56,6,7990.0,12990.0,38.0
Hisense,50 inch,Ultra HD (4K),QLED,Google TV,4.3,2135,407,37999.0,59999.0,36.0
Mi,50 inch,Ultra HD (4K),LED,Google TV,4.3,29031,2850,39990.0,59999.0,33.0
Hisense,55 inch,Ultra HD (4K),Mini LED,VIDAA,4.3,577,101,69999.0,109999.0,36.0
Hisense,50 inch,Ultra HD (4K),LED,Google TV,4.3,8796,1235,29999.0,59999.0,50.0
iFFALCON,50 inch,Ultra HD (4K),LED,Google TV,4.2,68411,7625,27499.0,62990.0,56.0
SONY,65 inch,Ultra HD (4K),LED,Google TV,4.6,25345,4410,73990.0,139900.0,47.0
TOSHIBA,55 inch,Ultra HD (4K),LED,Google TV,4.3,5341,878,34999.0,59990.0,41.0
MOTOROLA,55 inch,Ultra HD (4K),Mini LED,Google TV,4.4,393,48,41999.0,69999.0,40.0
SAMSUNG,55 inch,Ultra HD (4K),LED,Tizen,4.4,26313,2614,42990.0,70900.0,39.0
REDMI,32 inch,HD Ready,LED,FireTv OS 7,4.2,9933,627,13499.0,24999.0,46.0
SAMSUNG,65 inch,Ultra HD (4K),LED,Tizen,4.3,38242,3024,59999.0,109900.0,45.0
Sansui,43 inch,Ultra HD (4K),LED,Google TV,4.0,5,1,26990.0,41990.0,35.0
SENS,55 inch,Ultra HD (4K),LED,Android,4.2,4207,598,28999.0,56790.0,48.0
SONY,43 inch,Ultra HD (4K),LED,Google TV,4.6,25345,4410,38990.0,59900.0,34.0
Hisense,55 inch,Ultra HD (4K),LED,Google TV,4.3,7337,893,35999.0,69990.0,48.0
BPL,32 inch,HD Ready,LED,Android,4.2,30,0,12399.0,20000.0,38.0
Panasonic,32 inch,HD Ready,LED,Android,4.0,25,4,15249.0,19990.0,23.0
IMPEX,32 inch,HD Ready,LED,Linux,4.0,183,9,9599.0,17990.0,46.0
Hisense,75 inch,Ultra HD (4K),QLED,Google TV,4.3,2135,407,96999.0,149999.0,35.0
iFFALCON,43 inch,Ultra HD (4K),LED,Google TV,4.2,68411,7625,18999.0,49990.0,61.0
LG,32 inch,Full HD,LED,WebOS,4.4,107,8,15890.0,21728.0,26.0
Hisense,50 inch,Ultra HD (4K),QLED,Google TV,4.3,2135,407,39890.0,59990.0,33.0
Acer,32 inch,HD Ready,QLED,Google TV,4.0,4415,429,16490.0,23990.0,31.0
Foxsky,55 inch,Ultra HD (4K),LED,Android,3.7,160,36,27999.0,97990.0,71.0
LG,55 inch,Ultra HD (4K),QNED,WebOS,4.6,123,12,69990.0,109990.0,36.0
TCL,75 inch,Ultra HD (4K),LED,Google TV,4.1,24978,2097,66990.0,254990.0,73.0
KODAK,65 inch,Ultra HD (4K),QLED,Google TV,4.5,4415,901,43999.0,84999.0,48.0
Admiral,32 inch,HD Ready,LED,Google TV,4.4,510,80,8999.0,13799.0,34.0
Reliance,43 inch,Ultra HD (4K),QLED,WebOS,5.0,4,1,22690.0,51990.0,56.0
iFFALCON,65 inch,Ultra HD (4K),QLED,Google TV,4.2,3489,407,49999.0,164990.0,69.0
Sansui,32 inch,HD Ready,LED,Coolita,4.2,58,6,11200.0,19999.0,43.0
SAMSUNG,43 inch,Ultra HD (4K),LED,Tizen,4.4,26313,2614,28490.0,47900.0,40.0
Hisense,55 inch,Ultra HD (4K),LED,Google TV,4.3,7337,893,38999.0,69999.0,44.0
Daiwa,43 inch,Ultra HD (4K),QLED,WebOS,4.1,905,209,21999.0,48990.0,55.0
Hisense,55 inch,Ultra HD (4K),LED,Google TV,4.3,8796,1235,34999.0,64999.0,46.0
HUIDI,43 inch,Full HD,LED,Android,3.8,2095,181,14999.0,36999.0,59.0
Sansui,43 inch,Full HD,LED,Google TV,4.2,2482,228,22990.0,39990.0,42.0
TCL,65 inch,Ultra HD (4K),QLED,Google TV,4.2,741,71,64990.0,166990.0,61.0
Haier,65 inch,Ultra HD (4K),QLED,Google TV,4.6,5,0,77990.0,140990.0,44.0
Hisense,65 inch,Ultra HD (4K),Mini LED,VIDAA,4.3,577,101,99999.0,149999.0,33.0
LG,32 inch,HD Ready,LED,WebOS,4.2,30,0,16999.0,24999.0,32.0
LG,32 inch,Full HD,LED,WebOS,4.4,17,2,16599.0,21615.0,23.0
SAMSUNG,32 inch,HD Ready,LED,Tizen,4.3,168,14,17490.0,24432.0,28.0
OnePlus,32 inch,HD Ready,LED,Android,4.3,87081,7819,15699.0,21999.0,28.0
MOTOROLA,50 inch,Ultra HD (4K),Mini LED,Google TV,4.4,393,48,38999.0,59999.0,35.0
Reliance,32 inch,HD Ready,LED,Android,4.3,4,0,10639.0,21490.0,50.0
Oxygen,43 inch,Full HD,LED,Android,4.2,30,0,15665.0,44990.0,65.0
Reliance,24 inch,Full HD,LED,Unknown,4.2,30,0,6999.0,13999.0,50.0
XElectron,32 inch,HD Ready,LED,Unknown,4.1,810,156,7649.0,17999.0,57.0
Sansui,32 inch,HD Ready,LED,Google TV,4.1,98,7,11750.0,20990.0,44.0
Hisense,65 inch,Ultra HD (4K),QLED,VIDAA,4.2,30,0,64999.0,109999.0,40.0
Blaupunkt,40 inch,Full HD,LED,Linux,4.2,1660,190,13999.0,18999.0,26.0
KODAK,55 inch,Ultra HD (4K),LED,Google TV,4.5,23214,6450,28999.0,44999.0,35.0
Haier,55 inch,Ultra HD (4K),QLED,Google TV,4.6,5,0,54990.0,120990.0,54.0
iFFALCON,55 inch,Ultra HD (4K),QLED,Google TV,4.2,3489,407,33999.0,119900.0,71.0
Hyundai,32 inch,HD Ready,LED,Android,4.3,194,33,10899.0,22990.0,52.0
Daiwa,55 inch,Ultra HD (4K),LED,Google TV,4.2,85,21,33999.0,69990.0,51.0
SONY,65 inch,Ultra HD (4K),LED,Google TV,4.2,5,1,106390.0,164900.0,35.0
Coocaa,55 inch,Ultra HD (4K),QLED,Google TV,4.3,180,35,36999.0,79990.0,53.0
ONIDA,65 inch,Ultra HD (4K),LED,Google TV,4.3,158,28,46199.0,64990.0,28.0
Daiwa,55 inch,Ultra HD (4K),QLED,Google TV,4.1,905,209,34599.0,74990.0,53.0
Infinix,32 inch,HD Ready,LED,Linux,4.2,49455,5180,8999.0,16999.0,47.0
Blaupunkt,50 inch,Ultra HD (4K),LED,Android,4.5,7780,1787,26699.0,47999.0,44.0
Hisense,50 inch,Ultra HD (4K),QLED,VIDAA,4.3,6829,1004,30999.0,59999.0,48.0
Dyanora,43 inch,Full HD,LED,Linux,4.1,376,50,15699.0,29999.0,47.0
iFFALCON,65 inch,Ultra HD (4K),LED,Google TV,4.2,68411,7625,45999.0,120990.0,61.0
Haier,55 inch,Ultra HD (4K),LED,Google TV,4.2,218,24,41990.0,69990.0,40.0
LG,32 inch,HD Ready,LED,WebOS,4.3,41,0,17000.0,21709.0,21.0
Sansui,55 inch,Ultra HD (4K),LED,Google TV,4.2,30,0,37990.0,59990.0,36.0
Infinix,55 inch,Ultra HD (4K),QLED,Android,4.3,320,66,32999.0,59999.0,45.0
Mi,43 inch,Full HD,LED,Google TV,4.3,171724,13288,24999.0,35999.0,30.0
Admiral,43 inch,Full HD,LED,Google TV,4.4,510,80,18999.0,27299.0,30.0
Thomson,50 inch,Ultra HD (4K),LED,Android,4.5,40044,9550,23999.0,46999.0,48.0
LG,55 inch,Ultra HD (4K),LED,WebOS,4.4,34621,3285,43840.0,71990.0,39.0
realme,50 inch,Ultra HD (4K),LED,Google TV,4.3,1654,148,28999.0,53999.0,46.0
Thomson,65 inch,Ultra HD (4K),LED,Google TV,4.5,40044,9550,44999.0,69999.0,35.0
SENS,65 inch,Ultra HD (4K),QLED,Google TV,4.3,632,111,39999.0,70290.0,43.0
OnePlus,43 inch,Full HD,LED,Android,4.3,87081,7819,23899.0,31999.0,25.0
IMPEX,32 inch,Full HD,LED,Google TV,4.4,5,1,16490.0,27000.0,38.0
Dyanora,43 inch,Ultra HD (4K),LED,Android,4.0,262,33,18999.0,37999.0,50.0
Akai,32 inch,HD Ready,LED,Android,2.5,4,2,16878.0,24990.0,32.0
SAMSUNG,32 inch,HD Ready,LED,Tizen,4.0,21,1,13900.0,18900.0,26.0
REALMERCURY,32 inch,Ultra HD (4K),QLED,Android,3.0,6,0,12700.0,23100.0,45.0
TOSHIBA,55 inch,Ultra HD (4K),Mini LED,VIDAA,4.2,291,77,43999.0,84999.0,48.0
SAMSUNG,55 inch,Ultra HD (4K),LED,Tizen,4.2,30,0,58041.0,78900.0,26.0
TOSHIBA,43 inch,Ultra HD (4K),LED,Google TV,4.3,2253,332,24999.0,34990.0,28.0
REDMI,32 inch,HD Ready,LED,FireTv OS 7,3.3,3,1,12949.0,24999.0,48.0
Daiwa,50 inch,Ultra HD (4K),QLED,WebOS,4.4,34,10,29999.0,58990.0,49.0
CANDY,43 inch,Ultra HD (4K),LED,Google TV,4.5,427,103,24990.0,30990.0,19.0
Acer,32 inch,HD Ready,LED,Android,3.7,6,0,15999.0,24999.0,36.0
Mi,32 inch,HD Ready,LED,Android,4.4,222002,21042,15999.0,19999.0,20.0
Acer,75 inch,Ultra HD (4K),LED,Google TV,3.9,16,2,69999.0,149990.0,53.0
IMPEX,55 inch,Ultra HD (4K),LED,Google TV,5.0,1,1,43990.0,73000.0,39.0
Blaupunkt,43 inch,Full HD,LED,Android,4.4,15767,3375,14999.0,28999.0,48.0
BPL,43 inch,Ultra HD (4K),LED,Android,4.2,30,0,26499.0,42000.0,36.0
SAMSUNG,55 inch,Ultra HD (4K),QLED,Tizen,4.0,7,0,90334.0,119900.0,24.0
Reliance,32 inch,Full HD,LED,WebOS,3.9,426,45,13999.0,29999.0,53.0
Blaupunkt,55 inch,Ultra HD (4K),LED,Android,4.5,7780,1787,29599.0,55999.0,47.0
Qthin,43 inch,Ultra HD (4K),LED,Google TV,4.2,30,0,19990.0,24990.0,20.0
Coocaa,43 inch,Ultra HD (4K),LED,Google TV,4.2,451,68,23999.0,49990.0,51.0
BPL,32 inch,HD Ready,LED,Linux,4.4,5,0,11100.0,18500.0,40.0
IMPEX,32 inch,HD Ready,LED,Unknown,4.0,183,9,8999.0,15990.0,43.0
Sansui,65 inch,Ultra HD (4K),QLED,Google TV,4.2,712,106,55091.0,79990.0,31.0
Thomson,32 inch,HD Ready,LED,Unknown,4.1,61462,8532,8499.0,14990.0,43.0
SONY,75 inch,Ultra HD (4K),Mini LED,Google TV,4.2,30,0,332490.0,449990.0,26.0
MarQ,43 inch,Ultra HD (4K),LED,Android,4.3,5946,1064,10999.0,34999.0,68.0
Admiral,55 inch,Ultra HD (4K),LED,Google TV,4.4,187,32,30999.0,44199.0,29.0
XElectron,43 inch,Ultra HD (4K),LED,Android,4.1,810,156,19990.0,34999.0,42.0
Acer,55 inch,Ultra HD (4K),LED,Google TV,4.2,665,97,38999.0,54999.0,29.0
Vu,55 inch,Ultra HD (4K),LED,Google TV,4.2,30,0,43999.0,60000.0,26.0
Dyanora,32 inch,HD Ready,LED,Unknown,4.1,5022,637,7699.0,15999.0,51.0
Sansui,32 inch,HD Ready,LED,Android,4.1,1042,109,11599.0,20990.0,44.0
Reliance,55 inch,Ultra HD (4K),QLED,Google TV,4.2,30,0,36990.0,59990.0,38.0
iMEE,43 inch,Ultra HD (4K),LED,Linux,4.2,30,0,15999.0,39999.0,60.0
LIMEBERRY,50 inch,Ultra HD (4K),OLED,Android,4.2,30,0,49499.0,89999.0,45.0
SENS,55 inch,Ultra HD (4K),QLED,Google TV,4.3,632,111,29999.0,59990.0,49.0
SONY,65 inch,Ultra HD (4K),Mini LED,Google TV,4.2,30,0,199490.0,299990.0,33.0
Dyanora,43 inch,Full HD,LED,Android,4.0,262,33,16999.0,32999.0,48.0
KODAK,40 inch,Full HD,LED,Android,4.4,9403,2054,14399.0,20999.0,31.0
INVANTER,32 inch,HD Ready,LED,Android,4.2,30,0,12992.0,19990.0,35.0
PHILIPS,43 inch,Full HD,LED,Linux,4.0,116,18,26999.0,35990.0,24.0
SONY,65 inch,Ultra HD (4K),LED,Google TV,4.7,2555,369,77990.0,139900.0,44.0
Sansui,43 inch,Full HD,LED,Google TV,4.6,15,2,21990.0,39990.0,45.0
Coocaa,32 inch,HD Ready,LED,Linux,4.2,7302,1223,11999.0,25990.0,53.0
Lloyd,43 inch,Ultra HD (4K),QLED,WebOS,4.5,174,34,28199.0,50490.0,44.0
BPL,43 inch,Full HD,LED,Linux,4.2,30,0,19539.0,30990.0,36.0
Foxsky,65 inch,Ultra HD (4K),QLED,Google TV,4.0,823,142,42999.0,130990.0,67.0
SAMSUNG,85 inch,Ultra HD (4K),QLED,Tizen,3.8,5,1,499990.0,799900.0,37.0
SAMSUNG,43 inch,Ultra HD (4K),QLED,Tizen,4.2,30,0,53999.0,67928.0,20.0
BPL,55 inch,Ultra HD (4K),LED,Google TV,4.2,30,0,37990.0,57000.0,33.0
KODAK,50 inch,Ultra HD (4K),QLED,Google TV,4.5,4415,901,28999.0,49999.0,42.0
SONY,32 inch,HD Ready,LED,Android,4.5,133,20,28990.0,35999.0,19.0
Haier,32 inch,HD Ready,LED,Unknown,4.3,15,0,12999.0,27993.0,53.0
Samtonic,40 inch,Full HD,LED,Android,4.2,30,0,14999.0,31400.0,52.0
TOSHIBA,50 inch,Ultra HD (4K),LED,Google TV,4.3,5341,878,31999.0,54999.0,41.0
CANDY,65 inch,Ultra HD (4K),LED,Google TV,4.7,21,6,47490.0,62990.0,24.0
TOSHIBA,50 inch,Ultra HD (4K),LED,Google TV,4.3,2253,332,32299.0,54990.0,41.0
Hyundai,32 inch,HD Ready,LED,Android,4.2,30,0,10499.0,18990.0,44.0
Oxygen,32 inch,HD Ready,LED,Android,4.2,30,0,9490.0,22990.0,58.0
NU,43 inch,Full HD,LED,WebOS,4.1,120,19,18599.0,39999.0,53.0
Coocaa,43 inch,Ultra HD (4K),LED,Google TV,4.2,451,68,20899.0,59999.0,65.0
IMPEX,43 inch,Full HD,LED,Google TV,4.2,30,0,25490.0,51000.0,50.0
Hisense,75 inch,Ultra HD (4K),LED,Google TV,4.3,8796,1235,94999.0,149999.0,36.0
CANDY,32 inch,HD Ready,LED,Android,4.2,251,40,10990.0,19990.0,45.0
Foxsky,65 inch,Ultra HD (4K),LED,Android,3.7,160,36,39999.0,129990.0,69.0
Aiwa,43 inch,Ultra HD (4K),LED,Google TV,4.2,30,0,26500.0,49990.0,46.0
T,43 inch,Full HD,LED,Unknown,3.7,3,0,21990.0,34990.0,37.0
KODAK,50 inch,Ultra HD (4K),LED,Android,4.3,9078,1942,32899.0,33999.0,3.0
Sansui,55 inch,Ultra HD (4K),LED,Google TV,3.7,3,0,37999.0,58790.0,35.0
Reliance,55 inch,Ultra HD (4K),QLED,WebOS,4.2,30,0,36990.0,62990.0,41.0
SAMSUNG,65 inch,Ultra HD (4K),LED,Android,4.2,30,0,75900.0,93900.0,19.0
Lloyd,43 inch,Full HD,LED,WebOS,4.2,30,0,25790.0,42490.0,39.0
Sansui,24 inch,HD Ready,LED,Unknown,3.5,29,0,7982.0,12990.0,38.0
BPL,43 inch,Full HD,LED,Linux,3.7,6,0,19900.0,31000.0,35.0
BPL,32 inch,HD Ready,LED,Unknown,4.4,20,1,11999.0,27000.0,55.0
Compaq,24 inch,HD Ready,LED,Unknown,4.1,4455,652,7699.0,10999.0,30.0
Krisa,32 inch,HD Ready,LED,Unknown,4.2,30,0,7690.0,19990.0,61.0
vistek,32 inch,Full HD,LED,Android,4.2,30,0,7884.0,12999.0,39.0
Salora,50 inch,Ultra HD (4K),LED,Android,5.0,1,1,41999.0,42750.0,1.0
Hisense,43 inch,Full HD,LED,Android,4.1,169,19,21999.0,34990.0,37.0
CORNEA,50 inch,Ultra HD (4K),LED,Android,4.5,2,1,24999.0,39999.0,37.0
TCL,75 inch,Ultra HD (4K),QLED,Google TV,4.2,741,71,79990.0,299990.0,73.0
TOSHIBA,65 inch,Ultra HD (4K),QLED,Google TV,4.3,5469,904,56999.0,114990.0,50.0
LG,32 inch,HD Ready,LED,WebOS,4.2,30,0,17282.0,21240.0,18.0
TCL,43 inch,Full HD,LED,Android,3.6,8,0,23499.0,45990.0,48.0
CANDY,50 inch,Ultra HD (4K),LED,Google TV,4.5,427,103,29990.0,39990.0,25.0
Sansui,70 inch,Ultra HD (4K),LED,Android,4.6,24,1,65299.0,94500.0,30.0
CORNEA,86 inch,Ultra HD (4K),LED,Android,4.2,30,0,193899.0,299999.0,35.0
NU,32 inch,HD Ready,LED,WebOS,4.1,120,19,11099.0,23999.0,53.0
MOTOROLA,43 inch,Full HD,LED,Android,4.3,3296,468,22327.0,33000.0,32.0
Hisense,43 inch,Ultra HD (4K),QLED,VIDAA,4.3,6829,1004,27999.0,46999.0,40.0
Coocaa,55 inch,Ultra HD (4K),LED,Google TV,4.2,451,68,32999.0,69990.0,52.0
Panasonic,32 inch,HD Ready,LED,Unknown,4.2,30,0,17890.0,22990.0,22.0
Sansui,55 inch,Ultra HD (4K),LED,Unknown,3.7,95,33,57899.0,69200.0,16.0
Dyanora,43 inch,Ultra HD (4K),LED,WebOS,4.0,7168,720,19499.0,37999.0,48.0
Haier,50 inch,Ultra HD (4K),QLED,Google TV,4.2,30,0,40700.0,65990.0,38.0
skylive,40 inch,Full HD,LED,Android,4.2,30,0,12999.0,24999.0,48.0
SENS,43 inch,Ultra HD (4K),LED,Android,4.2,4207,598,20799.0,38990.0,46.0
skylive,43 inch,Full HD,LED,WebOS,4.2,30,0,18499.0,37999.0,51.0
Sansui,75 inch,Ultra HD (4K),QLED,Google TV,4.2,30,0,84890.0,169900.0,50.0
BPL,32 inch,HD Ready,LED,Android,4.1,26,1,13225.0,27000.0,51.0
Haier,43 inch,Ultra HD (4K),QLED,Google TV,4.2,30,0,32850.0,50990.0,35.0
cenit,43 inch,Full HD,LED,Android,4.2,30,0,25999.0,43999.0,40.0
ONIDA,55 inch,Ultra HD (4K),LED,VIDAA,4.4,58,14,35099.0,68990.0,49.0
SAMSUNG,65 inch,Ultra HD (4K),OLED,Tizen,4.2,30,0,219990.0,319990.0,31.0
skylive,43 inch,Full HD,LED,Android,4.2,30,0,14999.0,29999.0,50.0
iMEE,32 inch,HD Ready,LED,Android,3.6,28,3,10914.0,18999.0,42.0
IMPEX,32 inch,HD Ready,LED,Google TV,4.2,30,0,15490.0,26000.0,40.0
Acer,50 inch,Ultra HD (4K),LED,Google TV,4.2,665,97,33990.0,49990.0,32.0
Thomson,75 inch,Ultra HD (4K),LED,Android,4.5,40044,9550,79999.0,149999.0,46.0
Daiwa,55 inch,Ultra HD (4K),QLED,WebOS,4.2,5,2,34499.0,74990.0,53.0
Haier,43 inch,Ultra HD (4K),QLED,Google TV,4.2,30,0,39999.0,60660.0,34.0
AISEN,40 inch,SD,LED,Unknown,4.2,30,0,13990.0,21990.0,36.0
CANDY,55 inch,Ultra HD (4K),QLED,Google TV,4.2,143,25,41990.0,55990.0,25.0
IMPEX,65 inch,Ultra HD (4K),LED,Google TV,4.2,30,0,60990.0,91000.0,32.0
Aiwa,32 inch,HD Ready,LED,Android,5.0,5,0,13110.0,29900.0,56.0
SKYTRON,32 inch,HD Ready,LED,Android,3.5,61,9,8399.0,23999.0,65.0
TOSHIBA,65 inch,Ultra HD (4K),Mini LED,VIDAA,4.2,291,77,62999.0,114999.0,45.0
Aiwa,43 inch,Full HD,LED,Android,4.2,30,0,21999.0,49990.0,55.0
Hyundai,55 inch,Ultra HD (4K),LED,WebOS,4.2,52,8,48193.0,97990.0,50.0
LIMEBERRY,50 inch,Ultra HD (4K),QLED,WebOS,4.2,30,0,48019.0,89999.0,46.0
Wybor,32 inch,HD Ready,LED,Android,4.2,30,0,11199.0,23900.0,53.0
SAMSUNG,65 inch,Ultra HD (4K),LED,Tizen,4.2,30,0,69990.0,93900.0,25.0
Mi,43 inch,Ultra HD (4K),LED,Android,4.3,123713,11311,28999.0,42999.0,32.0
INVANTER,43 inch,Full HD,LED,Android,4.0,7,1,16305.0,25990.0,37.0
LEEMA,32 inch,HD Ready,LED,Android,4.0,4,0,8999.0,19999.0,55.0
IMPEX,43 inch,Full HD,LED,Google TV,3.7,3,0,21999.0,39990.0,44.0
ONIDA,43 inch,Ultra HD (4K),LED,Unknown,4.8,5,1,26982.0,35990.0,25.0
Hisense,65 inch,Ultra HD (4K),LED,Google TV,4.3,7337,893,47999.0,99990.0,51.0
Acer,70 inch,Ultra HD (4K),LED,Google TV,4.1,26,4,64990.0,99990.0,35.0
skylive,32 inch,HD Ready,LED,Android,4.2,30,0,8299.0,18999.0,56.0
Cellecor,32 inch,Full HD,LED,Android,3.0,21,2,10899.0,18999.0,42.0
Lihu,50 inch,Ultra HD (4K),OLED,WebOS,4.2,30,0,59899.0,91999.0,34.0
BPL,43 inch,Full HD,LED,Android,4.1,31,6,23990.0,40000.0,40.0
Sansui,40 inch,Full HD,LED,Android,4.1,1042,109,23990.0,29990.0,20.0
VONE,32 inch,Full HD,LED,Android,4.2,30,0,9399.0,16900.0,44.0
Lloyd,55 inch,Ultra HD (4K),LED,WebOS,4.2,30,0,44850.0,66990.0,33.0
JVC,58 inch,Ultra HD (4K),QLED,Android,4.2,30,0,47243.0,79990.0,40.0
Panasonic,55 inch,Ultra HD (4K),LCD,Unknown,4.2,30,0,48990.0,75990.0,35.0
KODAK,75 inch,Ultra HD (4K),LED,Android,4.5,23214,6450,85199.0,149999.0,43.0
Haier,43 inch,Ultra HD (4K),LED,Google TV,3.6,8,1,28990.0,32380.0,10.0
T,32 inch,HD Ready,LED,WebOS,2.8,5,1,12990.0,22990.0,43.0
TCL,43 inch,Full HD,LED,Android,4.2,30,0,24990.0,47990.0,47.0
BPL,55 inch,Ultra HD (4K),LED,Google TV,4.2,30,0,35140.0,57000.0,38.0
Nacson,32 inch,HD Ready,LED,Android,3.7,10,1,8499.0,24990.0,65.0
LG,32 inch,HD Ready,LED,WebOS,4.3,906,126,21940.0,27492.0,20.0
Samtonic,50 inch,Ultra HD (4K),LED,Android,4.2,30,0,27200.0,46900.0,42.0
Compaq,43 inch,Full HD,LED,Coolita,4.1,4455,652,18699.0,25990.0,28.0
LG,55 inch,Ultra HD (4K),OLED,WebOS,4.2,30,0,164990.0,254990.0,35.0
Sansui,65 inch,Ultra HD (4K),LED,Unknown,4.2,30,0,55550.0,79990.0,30.0
Sansui,55 inch,Ultra HD (4K),LED,Android,4.3,1166,158,41990.0,53290.0,21.0
Acer,55 inch,Ultra HD (4K),LED,Google TV,4.2,30,0,36990.0,62990.0,41.0
Intex,32 inch,HD Ready,LED,Unknown,4.2,30,0,13457.0,20999.0,35.0
Swan,32 inch,HD Ready,LED,Android,4.2,30,0,9950.0,15950.0,37.0
Haier,32 inch,HD Ready,LED,Google TV,4.9,10,0,16500.0,21900.0,24.0
Panasonic,43 inch,Full HD,LED,Unknown,4.2,30,0,24900.0,31990.0,22.0
Lloyd,32 inch,HD Ready,LED,WebOS,4.2,30,0,16810.0,25490.0,34.0
Intex,32 inch,HD Ready,LED,Android,2.9,7,1,10999.0,23900.0,53.0
Infinix,50 inch,Ultra HD (4K),LED,Android,4.2,1365,217,29999.0,39999.0,25.0
BPL,43 inch,Ultra HD (4K),LED,Unknown,4.2,30,0,25950.0,45000.0,42.0
BPL,32 inch,HD Ready,LED,Unknown,4.2,30,0,11290.0,25000.0,54.0
Coocaa,65 inch,Ultra HD (4K),LED,Google TV,4.2,451,68,45999.0,99999.0,54.0
Coocaa,65 inch,Ultra HD (4K),LED,Google TV,4.2,451,68,45999.0,79990.0,42.0
Hyundai,43 inch,Ultra HD (4K),LED,WebOS,4.1,105,18,21444.0,57990.0,63.0
BPL,32 inch,HD Ready,LED,Unknown,3.3,3,0,12750.0,25000.0,49.0
Onix,32 inch,HD Ready,LED,Android,4.2,30,0,15999.0,18990.0,15.0
REALMERCURY,32 inch,Ultra HD (4K),QLED,Android,2.7,9,1,12607.0,23300.0,45.0
Reliance,24 inch,Full HD,LED,Android,4.2,30,0,7799.0,14999.0,48.0
Samtonic,32 inch,HD Ready,LED,Android,4.2,30,0,10999.0,25900.0,57.0
INVANTER,43 inch,Full HD,LED,Android,4.2,30,0,18000.0,35990.0,49.0
NU,43 inch,Ultra HD (4K),LED,Unknown,3.1,14,4,21399.0,49999.0,57.0
Hisense,55 inch,Ultra HD (4K),LED,Google TV,4.3,8796,1235,37990.0,59990.0,36.0
EGOTEL,43 inch,HD Ready,LED,Unknown,4.2,30,0,16590.0,17000.0,2.0
Compaq,32 inch,HD Ready,LED,Unknown,4.1,4455,652,8599.0,17999.0,52.0
Aiwa,32 inch,Full HD,LED,Coolita,3.5,4,1,10590.0,18990.0,44.0
LG,55 inch,Ultra HD (4K),LED,WebOS,4.3,19,7,50999.0,63233.0,19.0
Lloyd,32 inch,HD Ready,LED,WebOS,2.5,2,1,16699.0,25490.0,34.0
Candes,24 inch,HD Ready,LED,Unknown,4.0,599,72,9039.0,15990.0,43.0
Intex,32 inch,HD Ready,LED,Android,4.2,30,0,12029.0,55000.0,78.0
BPL,32 inch,HD Ready,LED,Google TV,4.0,4,0,13599.0,24000.0,43.0
Hyundai,32 inch,HD Ready,LED,WebOS,4.3,56,9,10709.0,26990.0,60.0
Sharp,32 inch,HD Ready,LED,Unknown,3.2,11,0,24950.0,25990.0,4.0
Compaq,32 inch,HD Ready,LED,Unknown,4.2,92,14,7882.0,15999.0,50.0
Reliance,43 inch,Ultra HD (4K),QLED,WebOS,4.2,30,0,44990.0,51990.0,13.0
SAMSUNG,65 inch,Ultra HD (4K),QLED,Tizen,4.2,30,0,129990.0,259990.0,50.0
Micromax,43 inch,Ultra HD (4K),LED,Unknown,4.0,2677,756,33199.0,91990.0,63.0
Acer,43 inch,Ultra HD (4K),LED,Android,4.4,7028,1173,25999.0,34990.0,25.0
Blaupunkt,49 inch,Full HD,LED,Android,4.1,3209,629,22799.0,44000.0,48.0
DETEL,43 inch,Full HD,LED,Android,4.1,76,6,23147.0,44900.0,48.0
SAMSUNG,65 inch,Ultra HD (4K),LED,Tizen,4.4,26313,2614,81990.0,125900.0,34.0
Lloyd,65 inch,Ultra HD (4K),LED,Android,4.2,30,0,60998.0,99990.0,38.0
iMEE,32 inch,HD Ready,LED,Android,1.0,2,1,14199.0,20999.0,32.0
IAIR,43 inch,HD Ready,LED,WebOS,4.2,30,0,21677.0,43490.0,50.0
IAIR,24 inch,HD Ready,LED,Unknown,4.2,30,0,5740.0,15999.0,64.0
cenit,32 inch,HD Ready,LED,Unknown,4.2,30,0,12000.0,18000.0,33.0
IAIR,32 inch,HD Ready,LED,Android,4.2,30,0,11205.0,25499.0,56.0
SKYTRON,55 inch,Ultra HD (4K),LED,WebOS,4.0,248,41,34999.0,79990.0,56.0
Sansui,65 inch,Ultra HD (4K),LED,Google TV,4.2,30,0,54990.0,70990.0,22.0
Qthin,43 inch,Full HD,LED,Android,4.2,30,0,16490.0,22990.0,28.0
INVANTER,55 inch,Ultra HD (4K),LED,Android,4.2,30,0,34000.0,65000.0,47.0
Panasonic,43 inch,Ultra HD (4K),LED,Unknown,4.2,30,0,33990.0,50990.0,33.0
STARSHINE,32 inch,HD Ready,LED,Google TV,4.2,30,0,12993.0,18999.0,31.0
Cellecor,32 inch,HD Ready,LED,Unknown,4.2,30,0,8399.0,14999.0,44.0
BPL,65 inch,Ultra HD (4K),LED,Android,4.2,30,0,54990.0,99000.0,44.0
Qthin,50 inch,Ultra HD (4K),LED,Google TV,4.2,30,0,29990.0,37990.0,21.0
INVANTER,43 inch,Ultra HD (4K),LED,Android,4.2,30,0,20157.0,39990.0,49.0
INVANTER,32 inch,HD Ready,LED,WebOS,4.2,30,0,13290.0,23990.0,44.0
Nacson,32 inch,HD Ready,LED,Android,4.2,35,5,12499.0,25990.0,51.0
BPL,32 inch,HD Ready,LED,Google TV,4.2,30,0,13699.0,24000.0,42.0
Nacson,40 inch,Full HD,LED,Android,3.8,8,0,16499.0,34990.0,52.0
VG,32 inch,HD Ready,LED,Android,4.2,30,0,10490.0,14990.0,30.0
fox,32 inch,HD Ready,LED,Android,4.2,30,0,11199.0,24999.0,55.0
STARSHINE,50 inch,Ultra HD (4K),LED,WebOS,4.2,30,0,28793.0,42999.0,33.0
skylive,32 inch,HD Ready,LED,WebOS,4.2,30,0,14500.0,28999.0,49.0
Acer,50 inch,Ultra HD (4K),LED,Google TV,4.2,30,0,30999.0,63999.0,51.0
iMEE,43 inch,HD Ready,LED,Android,4.2,30,0,29999.0,39999.0,25.0
smart,32 inch,HD Ready,LED,Android,4.2,30,0,12399.0,17999.0,31.0
Samtonic,43 inch,Full HD,LED,Android,4.2,30,0,16624.0,34500.0,51.0
Power,43 inch,Full HD,LED,Android,4.2,30,0,18999.0,39990.0,52.0
Lloyd,32 inch,HD Ready,LED,WebOS,4.2,30,0,16999.0,26990.0,37.0
realme,43 inch,Full HD,LED,Android,4.3,219790,23481,24999.0,35999.0,30.0
Acer,55 inch,Ultra HD (4K),LED,Google TV,4.2,30,0,36999.0,74999.0,50.0
Cellecor,32 inch,HD Ready,LED,Android,3.7,16,2,10499.0,15999.0,34.0
BPL,32 inch,HD Ready,LED,Unknown,3.1,8,1,12600.0,27000.0,53.0
Power,32 inch,HD Ready,LED,Unknown,2.8,6,0,7499.0,19990.0,62.0
iMEE,24 inch,HD Ready,LED,Unknown,4.2,30,0,6999.0,12999.0,46.0
EGOTEL,32 inch,HD Ready,LED,Android,4.2,30,0,9990.0,14999.0,33.0
Power,32 inch,HD Ready,LED,Google TV,2.0,4,0,10999.0,34990.0,68.0
LG,55 inch,Ultra HD (4K),OLED,WebOS,4.2,30,0,131990.0,230990.0,42.0
MOTOROLA,65 inch,Ultra HD (4K),Mini LED,Google TV,4.4,393,48,64999.0,96999.0,32.0
Daiwa,43 inch,Ultra HD (4K),LED,WebOS,4.2,2555,257,21299.0,38990.0,45.0
LG,65 inch,Ultra HD (4K),QNED,WebOS,4.6,123,12,109990.0,159990.0,31.0
SAMSUNG,50 inch,Ultra HD (4K),LED,Tizen,4.2,30,0,44990.0,58900.0,23.0
SAMSUNG,43 inch,Ultra HD (4K),LED,Tizen,4.9,7,1,33590.0,45900.0,26.0
Haier,43 inch,Full HD,LED,Android,4.2,30,0,26490.0,40990.0,35.0
Vu,43 inch,Ultra HD (4K),LED,Google TV,4.2,4229,709,22999.0,30000.0,23.0
SAMSUNG,75 inch,Ultra HD (4K),LED,Tizen,4.2,30,0,114490.0,142900.0,19.0
LG,43 inch,Ultra HD (4K),QNED,WebOS,4.6,123,12,47990.0,84990.0,43.0
SAMSUNG,43 inch,Ultra HD (4K),LED,Tizen,4.2,30,0,35713.0,48900.0,26.0
LG,55 inch,Ultra HD (4K),LED,WebOS,4.5,3147,382,48900.0,84990.0,42.0
Hisense,65 inch,Ultra HD (4K),QLED,Google TV,4.3,2135,407,59999.0,109999.0,45.0
TOSHIBA,85 inch,Ultra HD (4K),QLED,Google TV,4.3,5469,904,149999.0,299999.0,50.0
Lloyd,75 inch,Ultra HD (4K),QLED,Google TV,4.2,30,0,108845.0,199990.0,45.0
Haier,55 inch,Ultra HD (4K),QLED,Google TV,4.2,30,0,55990.0,75990.0,26.0
SAMSUNG,55 inch,Ultra HD (4K),QLED,Tizen,4.2,30,0,68209.0,95900.0,28.0
Acer,50 inch,Ultra HD (4K),QLED,Google TV,4.1,1705,194,32999.0,59999.0,45.0
SAMSUNG,43 inch,Ultra HD (4K),LED,Tizen,2.7,3,0,41244.0,53900.0,23.0
SAMSUNG,55 inch,Ultra HD (4K),LED,Tizen,4.3,15222,1096,47990.0,64900.0,26.0
SAMSUNG,65 inch,Ultra HD (4K),QLED,Tizen,5.0,4,2,168232.0,219900.0,23.0
Mi,43 inch,Ultra HD (4K),LED,Android,4.3,29031,2850,30999.0,49990.0,37.0
Haier,55 inch,Ultra HD (4K),LED,Unknown,4.2,30,0,42550.0,70990.0,40.0
SAMSUNG,50 inch,Ultra HD (4K),QLED,Tizen,4.3,6,1,58990.0,77900.0,24.0
LG,32 inch,HD Ready,LED,WebOS,4.4,67997,5610,13999.0,21990.0,36.0
LG,65 inch,Ultra HD (4K),LED,WebOS,4.5,6138,939,99999.0,169103.0,40.0
SONY,55 inch,Ultra HD (4K),LED,Google TV,4.2,30,0,57990.0,99990.0,42.0
Mi,75 inch,Ultra HD (4K),QLED,Android,4.4,5198,674,86399.0,199999.0,56.0
SAMSUNG,55 inch,Ultra HD (4K),LED,Tizen,3.8,13,1,47990.0,70990.0,32.0
Haier,43 inch,Ultra HD (4K),LED,Android,4.2,187,24,31099.0,43990.0,29.0
SONY,55 inch,Ultra HD (4K),LED,Google TV,3.0,8,0,65540.0,99900.0,34.0
LG,65 inch,Ultra HD (4K),LED,WebOS,4.4,34621,3285,69990.0,119990.0,41.0
Haier,50 inch,Ultra HD (4K),LED,Google TV,4.2,218,24,37299.0,60990.0,38.0
LG,43 inch,Ultra HD (4K),LED,WebOS,4.4,34621,3285,34999.0,49200.0,28.0
Mi,65 inch,Ultra HD (4K),LED,Google TV,4.3,123713,11311,58999.0,89999.0,34.0
TOSHIBA,85 inch,Ultra HD (4K),QLED,VIDAA,4.0,5,2,199999.0,499999.0,60.0
LG,43 inch,Full HD,LED,WebOS,4.4,8104,683,26799.0,40990.0,34.0
Infinix,32 inch,HD Ready,LED,Android,4.2,14850,2204,14999.0,17999.0,16.0
SAMSUNG,55 inch,SD,QLED,Tizen,4.2,30,0,67990.0,95900.0,29.0
LG,43 inch,Ultra HD (4K),LED,WebOS,4.4,34621,3285,36399.0,49990.0,27.0
REALMERCURY,32 inch,Ultra HD (4K),QLED,Android,4.3,3,1,12499.0,21999.0,43.0
Mi,50 inch,Ultra HD (4K),LED,Android,4.3,123713,11311,34999.0,44999.0,22.0
Daiwa,65 inch,Ultra HD (4K),QLED,WebOS,4.4,34,10,52999.0,94990.0,44.0
SAMSUNG,55 inch,Ultra HD (4K),OLED,Tizen,4.2,30,0,133990.0,188900.0,29.0
SAMSUNG,55 inch,Ultra HD (4K),QLED,Tizen,5.0,5,1,104990.0,219990.0,52.0
LG,55 inch,Ultra HD (4K),LED,WebOS,4.5,3147,382,51990.0,84990.0,38.0
SAMSUNG,43 inch,Ultra HD (4K),LED,Tizen,2.7,3,0,43990.0,53900.0,18.0
Hisense,120 inch,Ultra HD (4K),Laser,VIDAA,4.2,30,0,499999.0,699999.0,28.0
MOTOROLA,50 inch,Ultra HD (4K),LED,Android,4.4,1537,229,33999.0,48999.0,30.0
